,krysha_id,title,room,address,price,link
0,679292277,"3-комнатная квартира, 99 м², 1/9 этаж на длительный срок",3-комнатная квартира,"Есильский р-н, Илиас Омаров 11",250 000 〒,https://krisha.kz/a/show/679292277
1,679291980,"2-комнатная квартира, 45 м², 5/12 этаж на длительный срок",2-комнатная квартира,"Есильский р-н, Мангилик Ел 40",500 000 〒,https://krisha.kz/a/show/679291980
2,679291798,"3-комнатная квартира, 98 м², 8/9 этаж на длительный срок",3-комнатная квартира,"Сарыарка р-н, Пр.Абая 1",500 000 〒,https://krisha.kz/a/show/679291798
3,679291664,"2-комнатная квартира, 52 м², 9/9 этаж на длительный срок",2-комнатная квартира,"Алматы р-н, Куйши Дина 35 — Пересечение Аблай хана и Манаса",500 000 〒,https://krisha.kz/a/show/679291664
4,679290306,"2-комнатная квартира, 59.6 м², 5/5 этаж на длительный срок",2-комнатная квартира,"Есильский р-н, Бокейхана 21/3 — Возле президентского гаража",500 000 〒,https://krisha.kz/a/show/679290306
5,679290373,"3-комнатная квартира, 80 м², 10/18 этаж на длительный срок",3-комнатная квартира,"Есильский р-н, мкр Комсомольский, ЖК сарыжайлау 65",600 000 〒,https://krisha.kz/a/show/679290373
6,679290195,"3-комнатная квартира, 70 м², 5/5 этаж на длительный срок",3-комнатная квартира,"Алматы р-н, Рыскулбекова 9",900 000 〒,https://krisha.kz/a/show/679290195
7,679289834,"2-комнатная квартира, 44 м² на длительный срок",2-комнатная квартира,"Алматы р-н, Кошкарбаева 37",400 000 〒,https://krisha.kz/a/show/679289834
8,679287871,"3-комнатная квартира, 118 м², 6/20 этаж на длительный срок",3-комнатная квартира,"Алматы р-н, Калдаякова 1",950 000 〒,https://krisha.kz/a/show/679287871
9,679288894,"2-комнатная квартира, 37 м², 9/9 этаж на длительный срок",2-комнатная квартира,"Есильский р-н, Казыбек би",250 000 〒,https://krisha.kz/a/show/679288894
10,676445289,"3-комнатная квартира, 168 м², 4/8 этаж на длительный срок",3-комнатная квартира,"Есильский р-н, Орынбор 24",850 000 〒,https://krisha.kz/a/show/676445289
11,679288739,"2-комнатная квартира, 65 м², 14/20 этаж на длительный срок",2-комнатная квартира,"Есильский р-н, Кабанбай батыра 51 — Улы дала",600 000 〒,https://krisha.kz/a/show/679288739
12,679248800,"2-комнатная квартира, 59 м², 4/9 этаж на длительный срок",2-комнатная квартира,"Есильский р-н, Алихана Бокейханова 11a — Орынбор",900 000 〒,https://krisha.kz/a/show/679248800
13,679270625,"2-комнатная квартира, 63 м², 6/10 этаж на длительный срок",2-комнатная квартира,"Алматы р-н, Кюйши Дины 25/1",350 000 〒,https://krisha.kz/a/show/679270625
14,679243097,"2-комнатная квартира, 70 м², 22/24 этаж на длительный срок",2-комнатная квартира,"Есильский р-н, Сауран 15/3",900 000 〒,https://krisha.kz/a/show/679243097
15,679259017,"3-комнатная квартира, 103 м², 12/16 этаж на длительный срок",3-комнатная квартира,"Алматы р-н, Кюйши Дины 31 — Пр-т Абылай-хана, район Встречи , ТЦ Гульжан,",800 000 〒,https://krisha.kz/a/show/679259017
16,679273885,"2-комнатная квартира, 48 м², 5/5 этаж на длительный срок",2-комнатная квартира,"Алматы р-н, Петрова 14/2 78",480 000 〒,https://krisha.kz/a/show/679273885
17,679216102,"3-комнатная квартира, 115 м², 3/12 этаж на длительный срок",3-комнатная квартира,"Алматы р-н, Шамши Калдаякова 17 — Сарыкол",1 000 000 〒,https://krisha.kz/a/show/679216102
18,679288715,"2-комнатная квартира, 73 м², 5/10 этаж на длительный срок",2-комнатная квартира,"Есильский р-н, Абикен Бектуров 1/1 — Достык",900 000 〒,https://krisha.kz/a/show/679288715
19,679288638,"2-комнатная квартира, 40 м², 7/10 этаж на длительный срок",2-комнатная квартира,"Алматы р-н, Ж.Нажимеденова 13 — А51",550 000 〒,https://krisha.kz/a/show/679288638
20,679216429,"2-комнатная квартира, 55 м², 8/15 этаж на длительный срок",2-комнатная квартира,"Есильский р-н, Пр.Кабанбай батыра 5/3 — Ул.Т.Рыскулова",550 000 〒,https://krisha.kz/a/show/679216429
21,25252584,"3-комнатная квартира, 97 м², 12/21 этаж на длительный срок",3-комнатная квартира,Кабанбай батыра 43а — Хайвил Парк 1,800 000 〒,https://krisha.kz/a/show/25252584
22,679276104,"2-комнатная квартира, 80 м², 2/9 этаж на длительный срок",2-комнатная квартира,Желтоксан 48/1,400 000 〒,https://krisha.kz/a/show/679276104
23,674868912,"3-комнатная квартира, 75 м², 2/5 этаж на длительный срок",3-комнатная квартира,"Сарыарка р-н, Бейбетшилик 77А",375 000 〒,https://krisha.kz/a/show/674868912
24,679287806,"3-комнатная квартира, 62 м², 5/5 этаж на длительный срок",3-комнатная квартира,"Алматы р-н, Петрова",200 000 〒,https://krisha.kz/a/show/679287806
25,679176438,"2-комнатная квартира, 70 м², 11/18 этаж на длительный срок",2-комнатная квартира,"Есильский р-н, Сарайшык 5/1",499 000 〒,https://krisha.kz/a/show/679176438
26,679287224,"3-комнатная квартира, 96 м², 5/8 этаж на длительный срок",3-комнатная квартира,"Алматы р-н, Аманжола Болекпаева — Аманжола Болекпаева",700 000 〒,https://krisha.kz/a/show/679287224
27,679250933,"3-комнатная квартира, 85 м², 3/13 этаж на длительный срок",3-комнатная квартира,Ташенова 17/1 — Республика,550 000 〒,https://krisha.kz/a/show/679250933
28,679134263,"3-комнатная квартира, 90 м², 5/14 этаж на длительный срок",3-комнатная квартира,"Есильский р-н, Мәңгілік Ел 19",500 000 〒,https://krisha.kz/a/show/679134263
29,679261015,"2-комнатная квартира, 50.4 м² на длительный срок",2-комнатная квартира,"Алматы р-н, Куйши Дина — А.Ахматовой",250 000 〒,https://krisha.kz/a/show/679261015
30,679098031,"2-комнатная квартира, 57 м², 6/10 этаж на длительный срок",2-комнатная квартира,"Есильский р-н, Улы дала 5/2",930 000 〒,https://krisha.kz/a/show/679098031
31,679284772,"2-комнатная квартира, 102 м², 7/22 этаж на длительный срок",2-комнатная квартира,"Алматы р-н, Калдаякова 11 — Нажимеденова",500 000 〒,https://krisha.kz/a/show/679284772
32,679284003,"2-комнатная квартира, 55 м², 10/12 этаж на длительный срок",2-комнатная квартира,"Есильский р-н, Айтматова 60",400 000 〒,https://krisha.kz/a/show/679284003
33,679282191,"3-комнатная квартира, 60 м², 5/5 этаж на длительный срок",3-комнатная квартира,"Алматы р-н, Республика 10/1",400 000 〒,https://krisha.kz/a/show/679282191
34,679258536,"2-комнатная квартира, 47 м², 5/5 этаж на длительный срок",2-комнатная квартира,"Сарыарка р-н, Ы.Дукенулы",350 000 〒,https://krisha.kz/a/show/679258536
35,674357997,"2-комнатная квартира, 45 м², 1/5 этаж на длительный срок",2-комнатная квартира,"Алматы р-н, Ташенова 11/2 — Республики",400 000 〒,https://krisha.kz/a/show/674357997
36,679282170,"3-комнатная квартира, 60 м², 5/5 этаж на длительный срок",3-комнатная квартира,"Сарыарка р-н, Желтоксан 30 — Желтоксан-Богенбая",320 000 〒,https://krisha.kz/a/show/679282170
37,679281351,"2-комнатная квартира, 60 м² на длительный срок",2-комнатная квартира,"Алматы р-н, Ыргыз",600 000 〒,https://krisha.kz/a/show/679281351
38,669266541,"2-комнатная квартира, 89 м², 7/18 этаж на длительный срок",2-комнатная квартира,"Есильский р-н, Алматы 11 — Туркестан",400 000 〒,https://krisha.kz/a/show/669266541
39,679265453,"2-комнатная квартира, 80 м², 18/25 этаж на длительный срок",2-комнатная квартира,"р-н Байконур, Тараз 2",600 000 〒,https://krisha.kz/a/show/679265453
40,679266684,"2-комнатная квартира, 73.4 м², 7/15 этаж на длительный срок",2-комнатная квартира,"Есильский р-н, мкр Комсомольский, Кабанбай батыра 11",600 000 〒,https://krisha.kz/a/show/679266684
41,679254650,"2-комнатная квартира, 45 м², 4/5 этаж на длительный срок",2-комнатная квартира,"Сарыарка р-н, Гете 3 — Жд вогзал",300 000 〒,https://krisha.kz/a/show/679254650
42,679270879,"2-комнатная квартира, 45 м², 5/16 этаж на длительный срок",2-комнатная квартира,"Алматы р-н, Майлина — Жумабаева",300 000 〒,https://krisha.kz/a/show/679270879
43,679076497,"2-комнатная квартира, 60 м², 5/9 этаж на длительный срок",2-комнатная квартира,"Есильский р-н, Сауран — Орынбор",350 000 〒,https://krisha.kz/a/show/679076497
44,679276640,"2-комнатная квартира, 47 м², 2/12 этаж на длительный срок",2-комнатная квартира,Калдаякова 23/2,520 000 〒,https://krisha.kz/a/show/679276640
45,679263994,"2-комнатная квартира, 70 м², 12/13 этаж на длительный срок",2-комнатная квартира,"Алматы р-н, Сатпаева",400 000 〒,https://krisha.kz/a/show/679263994
46,679164942,"3-комнатная квартира, 65 м², 16/20 этаж на длительный срок",3-комнатная квартира,"р-н Байконур, Абая 45/2 — Республики",600 000 〒,https://krisha.kz/a/show/679164942
47,54729413,"2-комнатная квартира, 79.7 м², 6/24 этаж на длительный срок",2-комнатная квартира,"Есильский р-н, Туран 37/9",755 000 〒,https://krisha.kz/a/show/54729413
48,679271090,"2-комнатная квартира, 72 м², 5/10 этаж на длительный срок",2-комнатная квартира,"Есильский р-н, Абикен Бектуров 1 — Хан Шатыры",850 000 〒,https://krisha.kz/a/show/679271090
49,679194513,"2-комнатная квартира, 55 м², 7/7 этаж на длительный срок",2-комнатная квартира,"Есильский р-н, Сығанақ Е12 — Е-12",400 000 〒,https://krisha.kz/a/show/679194513
50,679098465,"2-комнатная квартира, 54 м², 1/5 этаж на длительный срок",2-комнатная квартира,"Сарыарка р-н, Сейфуллина — Кумисбекова сейфуллина",250 000 〒,https://krisha.kz/a/show/679098465
51,678570790,"3-комнатная квартира, 165 м², 3/5 этаж на длительный срок",3-комнатная квартира,"Алматы р-н, Саркырама 1 — Жк. Миланский квартал",650 000 〒,https://krisha.kz/a/show/678570790
52,679292415,"2-комнатная квартира, 55 м², 3/9 этаж на длительный срок",2-комнатная квартира,"Алматы р-н, Мустафина 21/4",250 000 〒,https://krisha.kz/a/show/679292415
53,679292413,"2-комнатная квартира, 60 м², 7/9 этаж на длительный срок",2-комнатная квартира,"Есильский р-н, Е-22 2 — E-51",300 000 〒,https://krisha.kz/a/show/679292413
54,679292384,"2-комнатная квартира, 55 м², 17/17 этаж на длительный срок",2-комнатная квартира,"Алматы р-н, Сатпаева 25",250 000 〒,https://krisha.kz/a/show/679292384
55,679292192,"3-комнатная квартира, 70 м², 1/9 этаж на длительный срок",3-комнатная квартира,"Алматы р-н, Кюйши Дины 28",300 000 〒,https://krisha.kz/a/show/679292192
56,679292175,"2-комнатная квартира, 60 м², 11/17 этаж на длительный срок",2-комнатная квартира,Калдаякова 23/2,350 000 〒,https://krisha.kz/a/show/679292175
57,679292126,"3-комнатная квартира, 100 м², 1/9 этаж на длительный срок",3-комнатная квартира,"Есильский р-н, Илиас Омаров 11 — Туркестан",250 000 〒,https://krisha.kz/a/show/679292126
58,679291457,"3-комнатная квартира, 72 м², 3/4 этаж на длительный срок",3-комнатная квартира,"Есильский р-н, Е-496 10 — Хусейн Бен Талал",500 000 〒,https://krisha.kz/a/show/679291457
59,679292041,"2-комнатная квартира, 67 м², 8/9 этаж на длительный срок",2-комнатная квартира,Кайым мухамедханов 28,470 000 〒,https://krisha.kz/a/show/679292041
60,679291952,"2-комнатная квартира, 40 м² на длительный срок",2-комнатная квартира,"Есильский р-н, Мухамеджанова",250 000 〒,https://krisha.kz/a/show/679291952
61,678165239,"3-комнатная квартира, 90 м², 8/9 этаж на длительный срок",3-комнатная квартира,"Есильский р-н, Бокейхана 30 — Мангилик Ел",600 000 〒,https://krisha.kz/a/show/678165239
62,678392366,"3-комнатная квартира, 62 м², 2 этаж на длительный срок",3-комнатная квартира,"Алматы р-н, Петрова 9",300 000 〒,https://krisha.kz/a/show/678392366
63,679082226,"2-комнатная квартира, 60 м², 7/8 этаж на длительный срок",2-комнатная квартира,"Есильский р-н, Левый берег 58",400 000 〒,https://krisha.kz/a/show/679082226
64,678215021,"3-комнатная квартира, 127.5 м², 11/19 этаж на длительный срок",3-комнатная квартира,"р-н Байконур, Баянауыл 1",500 000 〒,https://krisha.kz/a/show/678215021
65,676995962,"2-комнатная квартира, 80 м², 9/9 этаж на длительный срок",2-комнатная квартира,"р-н Байконур, Янушкевича 1",180 000 〒,https://krisha.kz/a/show/676995962
66,679064841,"2-комнатная квартира, 46.7 м², 1/6 этаж на длительный срок",2-комнатная квартира,"Сарыарка р-н, Конституция 20/2",250 000 〒,https://krisha.kz/a/show/679064841
67,678405895,"3-комнатная квартира, 120 м² на длительный срок",3-комнатная квартира,"Есильский р-н, Достык 1 а",950 000 〒,https://krisha.kz/a/show/678405895
68,678152667,"2-комнатная квартира, 53 м², 5/9 этаж на длительный срок",2-комнатная квартира,"Алматы р-н, А-105 улица",180 000 〒,https://krisha.kz/a/show/678152667
69,679271697,"2-комнатная квартира, 58 м², 2/9 этаж на длительный срок",2-комнатная квартира,Калдаякова 23,450 000 〒,https://krisha.kz/a/show/679271697
70,679280460,"2-комнатная квартира, 56 м² на длительный срок",2-комнатная квартира,"Есильский р-н, Сарайшык",400 000 〒,https://krisha.kz/a/show/679280460
71,678850244,"3-комнатная квартира, 112 м², 13 этаж на длительный срок",3-комнатная квартира,"Есильский р-н, Сыганак 64",850 000 〒,https://krisha.kz/a/show/678850244
72,679284920,"2-комнатная квартира, 53 м², 2/5 этаж на длительный срок",2-комнатная квартира,"Есильский р-н, Айтматова 41а",400 000 〒,https://krisha.kz/a/show/679284920
73,679288001,"3-комнатная квартира, 96 м², 2 этаж на длительный срок",3-комнатная квартира,"Алматы р-н, Габидена Мустафина 1/2",400 000 〒,https://krisha.kz/a/show/679288001
74,679289261,"2-комнатная квартира, 63 м², 15/18 этаж на длительный срок",2-комнатная квартира,"Есильский р-н, А-62 1/2",700 000 〒,https://krisha.kz/a/show/679289261
75,679291417,"2-комнатная квартира, 69.4 м², 4/9 этаж на длительный срок",2-комнатная квартира,Жирентаева 2,300 000 〒,https://krisha.kz/a/show/679291417
76,679286977,"3-комнатная квартира, 85.2 м², 8/9 этаж на длительный срок",3-комнатная квартира,"Алматы р-н, Момышулы — Тауелсиздик",600 000 〒,https://krisha.kz/a/show/679286977
77,679285101,"3-комнатная квартира, 160 м², 6/10 этаж на длительный срок",3-комнатная квартира,"Алматы р-н, 23-15 11 блок А",800 000 〒,https://krisha.kz/a/show/679285101
78,678206207,"2-комнатная квартира, 66 м², 16/17 этаж на длительный срок",2-комнатная квартира,"Есильский р-н, Айтматова 38",450 000 〒,https://krisha.kz/a/show/678206207
79,671139172,"2-комнатная квартира, 58 м², 8/9 этаж на длительный срок",2-комнатная квартира,"Есильский р-н, Абикена Бектурова 4/2 — Туран",600 000 〒,https://krisha.kz/a/show/671139172
80,679261943,"2-комнатная квартира, 55 м², 14/16 этаж на длительный срок",2-комнатная квартира,"Алматы р-н, Кошкарбаева",550 000 〒,https://krisha.kz/a/show/679261943
81,679284356,"2-комнатная квартира, 65 м², 3/12 этаж на длительный срок",2-комнатная квартира,"Есильский р-н, А.Кекилбаева 40 — Ехро, Ул Мангилик",500 000 〒,https://krisha.kz/a/show/679284356
82,679283764,"2-комнатная квартира, 60 м², 2/12 этаж на длительный срок",2-комнатная квартира,"Есильский р-н, Улы Дала",800 000 〒,https://krisha.kz/a/show/679283764
83,679130315,"2-комнатная квартира, 62 м², 8/9 этаж на длительный срок",2-комнатная квартира,"Есильский р-н, мкр Комсомольский, Ильяса Омарова 21/1 — Е312",400 000 〒,https://krisha.kz/a/show/679130315
84,679291409,"2-комнатная квартира, 50 м², 7/10 этаж на длительный срок",2-комнатная квартира,"Есильский р-н, Айтматова 41",110 000 〒,https://krisha.kz/a/show/679291409
85,679291436,"2-комнатная квартира, 65 м², 1/9 этаж на длительный срок",2-комнатная квартира,"Сарыарка р-н, 189 12/1",500 000 〒,https://krisha.kz/a/show/679291436
86,679291475,"2-комнатная квартира, 41 м², 9/9 этаж на длительный срок",2-комнатная квартира,"Есильский р-н, Казыбек би",400 000 〒,https://krisha.kz/a/show/679291475
87,679291424,"2-комнатная квартира, 59.6 м², 5/5 этаж на длительный срок",2-комнатная квартира,"Есильский р-н, Бокейхана 21/3 — Находится возле Президентского гаража",500 000 〒,https://krisha.kz/a/show/679291424
88,679291444,"3-комнатная квартира, 105.2 м², 11/12 этаж на длительный срок",3-комнатная квартира,"Сарыарка р-н, проспект Сарыарка 31/2",550 000 〒,https://krisha.kz/a/show/679291444
89,679291376,"3-комнатная квартира, 83 м², 10/22 этаж на длительный срок",3-комнатная квартира,"Есильский р-н, Роза Багланова 6/4 — Туран",700 000 〒,https://krisha.kz/a/show/679291376
90,679291330,"3-комнатная квартира, 80 м², 3/7 этаж на длительный срок",3-комнатная квартира,"Есильский р-н, Улы Дала 6 — Сауран",400 000 〒,https://krisha.kz/a/show/679291330
91,679291354,"2-комнатная квартира, 68.4 м², 4/10 этаж на длительный срок",2-комнатная квартира,"Алматы р-н, Кордай 100",450 000 〒,https://krisha.kz/a/show/679291354
92,679041701,"3-комнатная квартира, 72 м², 5/12 этаж на длительный срок",3-комнатная квартира,"Сарыарка р-н, Караменде би Шакаулы 7",120 000 〒,https://krisha.kz/a/show/679041701
93,679291200,"3-комнатная квартира, 69 м², 4/5 этаж на длительный срок",3-комнатная квартира,"Алматы р-н, Абылайхана 12/3",600 000 〒,https://krisha.kz/a/show/679291200
94,679291174,"2-комнатная квартира, 68 м², 4/6 этаж на длительный срок",2-комнатная квартира,"Есильский р-н, Сауран 42/1 — Expo, Megs silk way",900 000 〒,https://krisha.kz/a/show/679291174
95,679291126,"3-комнатная квартира, 80 м², 7/8 этаж на длительный срок",3-комнатная квартира,"Есильский р-н, Мәңгілік Ел 48",550 000 〒,https://krisha.kz/a/show/679291126
96,679291122,"2-комнатная квартира, 56 м², 5/9 этаж на длительный срок",2-комнатная квартира,"Сарыарка р-н, Косшыгулулы 24/1",180 000 〒,https://krisha.kz/a/show/679291122
97,679291080,"2-комнатная квартира, 47 м², 12/13 этаж на длительный срок",2-комнатная квартира,"Алматы р-н, Кошкарбаева 68 — Мастер 2",250 000 〒,https://krisha.kz/a/show/679291080
98,679290930,"2-комнатная квартира, 40 м², 8/9 этаж на длительный срок",2-комнатная квартира,"Алматы р-н, Жургенова 34",400 000 〒,https://krisha.kz/a/show/679290930
99,679117472,"3-комнатная квартира, 100 м², 8/10 этаж на длительный срок",3-комнатная квартира,"Сарыарка р-н, Желтоксан — Бейбитшилик",250 000 〒,https://krisha.kz/a/show/679117472
100,679290891,"2-комнатная квартира, 46 м², 6/9 этаж на длительный срок",2-комнатная квартира,"Есильский р-н, Улы Дала 1 — Туран",250 000 〒,https://krisha.kz/a/show/679290891
101,679290550,"2-комнатная квартира, 40 м² на длительный срок",2-комнатная квартира,"Алматы р-н, Рыскулбекова 29",250 000 〒,https://krisha.kz/a/show/679290550
102,679290541,"2-комнатная квартира, 64 м², 5/9 этаж на длительный срок",2-комнатная квартира,"Алматы р-н, Жансугурова 8/3 — Аружан",1 000 000 〒,https://krisha.kz/a/show/679290541
103,674637849,"2-комнатная квартира, 48 м², 9/12 этаж на длительный срок",2-комнатная квартира,"Есильский р-н, мкр Комсомольский 59 — Хусейн бен Талала",250 000 〒,https://krisha.kz/a/show/674637849
104,679290493,"3-комнатная квартира, 54 м², 1/5 этаж на длительный срок",3-комнатная квартира,"р-н Байконур, Аль Фараби 30 — Акжол - Досмухамедулы",140 000 〒,https://krisha.kz/a/show/679290493
105,679290383,"2-комнатная квартира, 48 м², 4/5 этаж на длительный срок",2-комнатная квартира,"Сарыарка р-н, Агыбай батыра — Пр Республики",250 000 〒,https://krisha.kz/a/show/679290383
106,29171630,"3-комнатная квартира, 94 м², 7/9 этаж на длительный срок",3-комнатная квартира,"Есильский р-н, Сыганак 18/3 — Туркестан",450 000 〒,https://krisha.kz/a/show/29171630
107,679084004,"2-комнатная квартира, 41 м², 4/9 этаж на длительный срок",2-комнатная квартира,"Алматы р-н, Ш.Калдаякова 40 — А30",350 000 〒,https://krisha.kz/a/show/679084004
108,679289956,"3-комнатная квартира, 90 м², 3/23 этаж на длительный срок",3-комнатная квартира,"Алматы р-н, Байтурсынова",600 000 〒,https://krisha.kz/a/show/679289956
109,679289923,"2-комнатная квартира, 68 м², 4/10 этаж на длительный срок",2-комнатная квартира,"Алматы р-н, Кудайбердиулы",280 000 〒,https://krisha.kz/a/show/679289923
110,679289799,"2-комнатная квартира, 70 м², 8/9 этаж на длительный срок",2-комнатная квартира,"Алматы р-н, Панфилова",400 000 〒,https://krisha.kz/a/show/679289799
111,679289786,"3-комнатная квартира, 87 м² на длительный срок",3-комнатная квартира,"Алматы р-н, Байтурсынова — А51",500 000 〒,https://krisha.kz/a/show/679289786
112,679289716,"2-комнатная квартира, 42 м², 1/2 этаж на длительный срок",2-комнатная квартира,"р-н Байконур, Кусжолы",80 000 〒,https://krisha.kz/a/show/679289716
113,679289713,"2-комнатная квартира, 60 м², 3/3 этаж на длительный срок",2-комнатная квартира,"Алматы р-н, Ыргыз 7 — Абылайхана Мустафина",450 000 〒,https://krisha.kz/a/show/679289713
114,53472808,"3-комнатная квартира, 80 м², 2/12 этаж на длительный срок",3-комнатная квартира,"Есильский р-н, Е49 3/2 — Туран",500 000 〒,https://krisha.kz/a/show/53472808
115,679289707,"2-комнатная квартира, 40 м², 8/9 этаж на длительный срок",2-комнатная квартира,"Есильский р-н, Улы Дала 3/3 — Кабанбай батыра",400 000 〒,https://krisha.kz/a/show/679289707
116,679289614,"2-комнатная квартира, 68 м², 2/9 этаж на длительный срок",2-комнатная квартира,"Есильский р-н, Кургалжинское шоссе 20/2",550 000 〒,https://krisha.kz/a/show/679289614
117,679289410,"2-комнатная квартира, 60 м², 9/10 этаж на длительный срок",2-комнатная квартира,"Есильский р-н, Алихана Бокейханова 15",650 000 〒,https://krisha.kz/a/show/679289410
118,679288297,"2-комнатная квартира, 60 м² на длительный срок",2-комнатная квартира,"р-н Байконур, Тараз 2 — Тд Алматы",400 000 〒,https://krisha.kz/a/show/679288297
119,674305998,"2-комнатная квартира, 50 м², 14/18 этаж на длительный срок",2-комнатная квартира,"Есильский р-н, Е-10 17п",250 000 〒,https://krisha.kz/a/show/674305998
120,26732061,"2-комнатная квартира, 67 м², 2/9 этаж на длительный срок",2-комнатная квартира,"Есильский р-н, Орынбор (улица E 10) 16/1",280 000 〒,https://krisha.kz/a/show/26732061
121,677483295,"2-комнатная квартира, 83 м², 6/9 этаж на длительный срок",2-комнатная квартира,"Есильский р-н, Мангилик Ел 19/2 — Керей Жанибек хандар",700 000 〒,https://krisha.kz/a/show/677483295
122,679288764,"3-комнатная квартира, 64 м², 5/5 этаж на длительный срок",3-комнатная квартира,"Сарыарка р-н, Куляш Байсейитовой",250 000 〒,https://krisha.kz/a/show/679288764
123,679160219,"2-комнатная квартира, 50 м², 4/12 этаж на длительный срок",2-комнатная квартира,"Есильский р-н, Кабанбай батыра 59 — Хусейн бен Талала",200 000 〒,https://krisha.kz/a/show/679160219
124,679109422,"3-комнатная квартира, 65 м², 11/18 этаж на длительный срок",3-комнатная квартира,"Есильский р-н, E-753 6",500 000 〒,https://krisha.kz/a/show/679109422
125,679278853,"2-комнатная квартира, 70 м², 10/10 этаж на длительный срок",2-комнатная квартира,"Сарыарка р-н, К. Байсеитовой 10",250 000 〒,https://krisha.kz/a/show/679278853
126,677611737,"2-комнатная квартира, 76.6 м², 9/17 этаж на длительный срок",2-комнатная квартира,Бейсекбаева 2 — Амангельды Иманова,260 000 〒,https://krisha.kz/a/show/677611737
127,672206024,"3-комнатная квартира, 80 м², 8/9 этаж на длительный срок",3-комнатная квартира,"Есильский р-н, Сауран 4 — Достык",750 000 〒,https://krisha.kz/a/show/672206024
128,679288666,"2-комнатная квартира, 65 м², 12/25 этаж на длительный срок",2-комнатная квартира,Абая 92/2,600 000 〒,https://krisha.kz/a/show/679288666
129,678799471,"2-комнатная квартира, 53 м², 19/25 этаж на длительный срок",2-комнатная квартира,"Алматы р-н, Абая 92/3",250 000 〒,https://krisha.kz/a/show/678799471
130,679288581,"3-комнатная квартира, 87 м², 9/13 этаж на длительный срок",3-комнатная квартира,"Есильский р-н, Чингиза Айтматова 36",400 000 〒,https://krisha.kz/a/show/679288581
131,679288333,"2-комнатная квартира, 62 м², 8/8 этаж на длительный срок",2-комнатная квартира,"Есильский р-н, Е-809 1/2",500 000 〒,https://krisha.kz/a/show/679288333
132,679287692,"3-комнатная квартира, 100 м², 4/4 этаж на длительный срок",3-комнатная квартира,"Есильский р-н, 38-я 23 — 38-я улица/ Улы дала",800 000 〒,https://krisha.kz/a/show/679287692
133,679288241,"2-комнатная квартира, 55 м², 3/7 этаж на длительный срок",2-комнатная квартира,"Есильский р-н, Сыганак 15",400 000 〒,https://krisha.kz/a/show/679288241
134,679095491,"3-комнатная квартира, 123 м², 13/19 этаж на длительный срок",3-комнатная квартира,"Есильский р-н, Сыганак 48 — Сыганак - омирзакова",1 000 000 〒,https://krisha.kz/a/show/679095491
135,679158280,"2-комнатная квартира, 75 м², 10/11 этаж на длительный срок",2-комнатная квартира,"Алматы р-н, Кошкарбаева 31",499 000 〒,https://krisha.kz/a/show/679158280
136,679287928,"2-комнатная квартира, 70 м², 14/23 этаж на длительный срок",2-комнатная квартира,"Есильский р-н, Сарайшык 5в — Сарайшык/ Акмешит",650 000 〒,https://krisha.kz/a/show/679287928
137,679287865,"3-комнатная квартира, 118 м², 6/20 этаж на длительный срок",3-комнатная квартира,"Алматы р-н, Калдаякова 1",950 000 〒,https://krisha.kz/a/show/679287865
138,57029192,"3-комнатная квартира, 65 м², 14/14 этаж на длительный срок",3-комнатная квартира,"Сарыарка р-н, Потанина — Московская",250 000 〒,https://krisha.kz/a/show/57029192
139,679217830,"2-комнатная квартира, 90 м², 19/20 этаж на длительный срок",2-комнатная квартира,"Сарыарка р-н, Кенесары 4",500 000 〒,https://krisha.kz/a/show/679217830
140,679287562,"3-комнатная квартира, 72 м², 5/5 этаж на длительный срок",3-комнатная квартира,Иманжусип Кутпанов 4,450 000 〒,https://krisha.kz/a/show/679287562
141,679287291,"2-комнатная квартира, 70 м², 4/16 этаж на длительный срок",2-комнатная квартира,"р-н Байконур, Жубанова 10 — Иманова-Жубанова",250 000 〒,https://krisha.kz/a/show/679287291
142,679287212,"2-комнатная квартира, 60 м², 1/10 этаж на длительный срок",2-комнатная квартира,"Алматы р-н, Кудайбердыулы 32",400 000 〒,https://krisha.kz/a/show/679287212
143,675172371,"2-комнатная квартира, 63 м², 5/13 этаж на длительный срок",2-комнатная квартира,"Есильский р-н, Алматы 13",300 000 〒,https://krisha.kz/a/show/675172371
144,679041885,"3-комнатная квартира, 82 м², 1/9 этаж на длительный срок",3-комнатная квартира,"Алматы р-н, ул А 105",1 200 000 〒,https://krisha.kz/a/show/679041885
145,679285751,"2-комнатная квартира, 41 м², 8/10 этаж на длительный срок",2-комнатная квартира,"Есильский р-н, Бокейхана — Триумфальная Арка, Ботанический сад",500 000 〒,https://krisha.kz/a/show/679285751
146,665022012,"2-комнатная квартира, 50 м² на длительный срок",2-комнатная квартира,"Есильский р-н, Улы Дала 6 — Сауран",460 000 〒,https://krisha.kz/a/show/665022012
147,679286002,"3-комнатная квартира, 84 м², 10/12 этаж на длительный срок",3-комнатная квартира,"Сарыарка р-н, Сарыарка 11 — Кенесары",850 000 〒,https://krisha.kz/a/show/679286002
148,679276400,"2-комнатная квартира, 50 м², 2/5 этаж на длительный срок",2-комнатная квартира,"Есильский р-н, Е18 5 — Сыганак (Хан Шатыр)",350 000 〒,https://krisha.kz/a/show/679276400
149,679285898,"3-комнатная квартира, 85 м², 8/10 этаж на длительный срок",3-комнатная квартира,"Алматы р-н, Манаса 22/1",650 000 〒,https://krisha.kz/a/show/679285898
150,679285867,"2-комнатная квартира, 80 м², 13/18 этаж на длительный срок",2-комнатная квартира,Наркескен 1 — Кабанбай,500 000 〒,https://krisha.kz/a/show/679285867
151,679285353,"2-комнатная квартира, 54 м², 3/6 этаж на длительный срок",2-комнатная квартира,"Сарыарка р-н, Косшугылы 11/1",500 000 〒,https://krisha.kz/a/show/679285353
152,671500817,"3-комнатная квартира, 87 м², 5/8 этаж на длительный срок",3-комнатная квартира,"Есильский р-н, Кабанбай батыра 60А/16",450 000 〒,https://krisha.kz/a/show/671500817
153,679254187,"3-комнатная квартира, 92 м², 8/24 этаж на длительный срок",3-комнатная квартира,"Есильский р-н, мкр Комсомольский, Туран 55 — Туран Керей Жанибек",550 000 〒,https://krisha.kz/a/show/679254187
154,679284491,"2-комнатная квартира, 60 м², 5/14 этаж на длительный срок",2-комнатная квартира,"Есильский р-н, Сауран 3/1",400 000 〒,https://krisha.kz/a/show/679284491
155,679284206,"2-комнатная квартира, 55.8 м², 1/9 этаж на длительный срок",2-комнатная квартира,"Есильский р-н, Коргалжынское шоссе 15/1 — КазГЮУ",550 000 〒,https://krisha.kz/a/show/679284206
156,679284230,"3-комнатная квартира, 83 м², 2/4 этаж на длительный срок",3-комнатная квартира,"Есильский р-н, мкр Уркер, Коргальжинское шоссе 110",500 000 〒,https://krisha.kz/a/show/679284230
157,679283974,"2-комнатная квартира, 52 м² на длительный срок",2-комнатная квартира,"Алматы р-н, Кошкарбаева 58 — Small market",400 000 〒,https://krisha.kz/a/show/679283974
158,675634232,"2-комнатная квартира, 52 м², 11/22 этаж на длительный срок",2-комнатная квартира,"Алматы р-н, Нажимеденова 4/1",600 000 〒,https://krisha.kz/a/show/675634232
159,679283779,"2-комнатная квартира, 90 м², 2/5 этаж на длительный срок",2-комнатная квартира,Саркырама 4,500 000 〒,https://krisha.kz/a/show/679283779
160,679282826,"2-комнатная квартира, 65 м², 11/18 этаж на длительный срок",2-комнатная квартира,"Есильский р-н, Сарайшык 5/1",500 000 〒,https://krisha.kz/a/show/679282826
161,679283318,"2-комнатная квартира, 75 м², 10/24 этаж на длительный срок",2-комнатная квартира,"Алматы р-н, Момышулы 7 — Тауельсыздык",400 000 〒,https://krisha.kz/a/show/679283318
162,679265575,"2-комнатная квартира, 53 м² на длительный срок",2-комнатная квартира,"Есильский р-н, Ул.Т.Рыскулова 5/4",600 000 〒,https://krisha.kz/a/show/679265575
163,679283405,"2-комнатная квартира, 50 м², 4/22 этаж на длительный срок",2-комнатная квартира,"Есильский р-н, Бектурова 4/6 — Туран",320 000 〒,https://krisha.kz/a/show/679283405
164,679283391,"3-комнатная квартира, 95 м², 7/12 этаж на длительный срок",3-комнатная квартира,"Есильский р-н, Сарайшык 34",600 000 〒,https://krisha.kz/a/show/679283391
165,679089285,"2-комнатная квартира, 57.7 м², 7/8 этаж на длительный срок",2-комнатная квартира,"Есильский р-н, Алихана Бокейханова — Угол Бухар Жырау",500 000 〒,https://krisha.kz/a/show/679089285
166,679283212,"2-комнатная квартира, 58 м², 5/9 этаж на длительный срок",2-комнатная квартира,"Алматы р-н, Нажимеденова 20 — Театр",500 000 〒,https://krisha.kz/a/show/679283212
167,679002024,"3-комнатная квартира, 89 м², 4/9 этаж на длительный срок",3-комнатная квартира,"Есильский р-н, Е-117 улица 39 — Е111 улица",350 000 〒,https://krisha.kz/a/show/679002024
168,679283009,"3-комнатная квартира, 100 м², 4/12 этаж на длительный срок",3-комнатная квартира,"Есильский р-н, Сарайшык 34",600 000 〒,https://krisha.kz/a/show/679283009
169,679282790,"2-комнатная квартира, 50 м², 4/12 этаж на длительный срок",2-комнатная квартира,Циолковского 1,180 000 〒,https://krisha.kz/a/show/679282790
170,679282419,"3-комнатная квартира, 104 м², 3/18 этаж на длительный срок",3-комнатная квартира,"Алматы р-н, Кошкарбаева 2",950 000 〒,https://krisha.kz/a/show/679282419
171,679282746,"2-комнатная квартира, 50 м², 3 этаж на длительный срок",2-комнатная квартира,"Есильский р-н, Сыганак 17 — Хан Шатыр",600 000 〒,https://krisha.kz/a/show/679282746
172,673251420,"3-комнатная квартира, 136 м², 1/4 этаж на длительный срок",3-комнатная квартира,"Есильский р-н, Макпал 7",900 000 〒,https://krisha.kz/a/show/673251420
173,678907370,"3-комнатная квартира, 85 м², 8/15 этаж на длительный срок",3-комнатная квартира,"Алматы р-н, Б. Момышулы 14",300 000 〒,https://krisha.kz/a/show/678907370
174,679282550,"3-комнатная квартира, 92 м², 3/9 этаж на длительный срок",3-комнатная квартира,"Есильский р-н, мкр Комсомольский, К. Мухаметханова 4Е",700 000 〒,https://krisha.kz/a/show/679282550
175,672814617,"3-комнатная квартира, 115 м², 8/22 этаж на длительный срок",3-комнатная квартира,"Есильский р-н, Наркескен 1",1 500 000 〒,https://krisha.kz/a/show/672814617
176,679282047,"2-комнатная квартира, 45 м², 5/5 этаж на длительный срок",2-комнатная квартира,"Сарыарка р-н, Мыңарал 4 — Мыңарал-Есенберлина",250 000 〒,https://krisha.kz/a/show/679282047
177,679281538,"3-комнатная квартира, 59 м², 5/5 этаж на длительный срок",3-комнатная квартира,"Алматы р-н, Сатпаева 9",350 000 〒,https://krisha.kz/a/show/679281538
178,669093436,"2-комнатная квартира, 55 м², 6/15 этаж на длительный срок",2-комнатная квартира,"Есильский р-н, 38-ая улица — Улы Дала",450 000 〒,https://krisha.kz/a/show/669093436
179,679086723,"3-комнатная квартира, 63 м², 5/10 этаж на длительный срок",3-комнатная квартира,"Есильский р-н, Е-809 23 — Бокейхана - Жанибек Керей ханов, Заречный",600 000 〒,https://krisha.kz/a/show/679086723
180,672064104,"3-комнатная квартира, 75 м², 8/28 этаж на длительный срок",3-комнатная квартира,Кошкарбаева 10/1 — Тауелсыздык,800 000 〒,https://krisha.kz/a/show/672064104
181,678208343,"2-комнатная квартира, 68 м², 8/9 этаж на длительный срок",2-комнатная квартира,"Есильский р-н, Бухар Жырау 30/1 — Мангилик ел",500 000 〒,https://krisha.kz/a/show/678208343
182,679280220,"2-комнатная квартира, 62 м², 8/8 этаж на длительный срок",2-комнатная квартира,"Есильский р-н, 37-я 1",650 000 〒,https://krisha.kz/a/show/679280220
183,678913714,"3-комнатная квартира, 100 м², 21/23 этаж на длительный срок",3-комнатная квартира,"Сарыарка р-н, Сарыарка — Набережная реки ЕСИЛЬ",400 000 〒,https://krisha.kz/a/show/678913714
184,672124246,"3-комнатная квартира, 70 м², 2/9 этаж на длительный срок",3-комнатная квартира,"Алматы р-н, Жансугурова 8/3 — Абылай хана проспект",500 000 〒,https://krisha.kz/a/show/672124246
185,679279422,"2-комнатная квартира, 55 м², 6/10 этаж на длительный срок",2-комнатная квартира,"Есильский р-н, мкр Пригородный, Кургальжинское шоссе 22/1",100 000 〒,https://krisha.kz/a/show/679279422
186,676200827,"3-комнатная квартира, 100 м², 4/12 этаж на длительный срок",3-комнатная квартира,"Сарыарка р-н, Женис — Сарыарка Кенесары",670 000 〒,https://krisha.kz/a/show/676200827
187,679279108,"2-комнатная квартира, 49 м², 4/9 этаж на длительный срок",2-комнатная квартира,"Есильский р-н, Е11 10",500 000 〒,https://krisha.kz/a/show/679279108
188,679277393,"3-комнатная квартира, 68 м², 6/10 этаж на длительный срок",3-комнатная квартира,"Сарыарка р-н, 187 20",600 000 〒,https://krisha.kz/a/show/679277393
189,679278760,"2-комнатная квартира, 70 м², 9/15 этаж на длительный срок",2-комнатная квартира,Кабанбай батыра,350 000 〒,https://krisha.kz/a/show/679278760
190,678262277,"3-комнатная квартира, 90 м², 2/7 этаж на длительный срок",3-комнатная квартира,Керей Жанибека 50,650 000 〒,https://krisha.kz/a/show/678262277
191,679277911,"2-комнатная квартира, 63 м², 6/6 этаж на длительный срок",2-комнатная квартира,"р-н Байконур, Таха Хусейна",310 000 〒,https://krisha.kz/a/show/679277911
192,679261662,"2-комнатная квартира, 60.5 м², 1 этаж на длительный срок",2-комнатная квартира,"Есильский р-н, Орынбор 12",330 000 〒,https://krisha.kz/a/show/679261662
193,678763002,"3-комнатная квартира, 120 м², 8/10 этаж на длительный срок",3-комнатная квартира,"Есильский р-н, Сарайшык 38",600 000 〒,https://krisha.kz/a/show/678763002
194,679278029,"2-комнатная квартира, 45 м², 5/9 этаж на длительный срок",2-комнатная квартира,"Есильский р-н, ул 38 — Экспо",530 000 〒,https://krisha.kz/a/show/679278029
195,679277818,"3-комнатная квартира, 96 м², 5/14 этаж на длительный срок",3-комнатная квартира,"Алматы р-н, Мрмышулы 16 — Момышулы Сатпаева",500 000 〒,https://krisha.kz/a/show/679277818
196,660650974,"3-комнатная квартира, 123 м², 6/8 этаж на длительный срок",3-комнатная квартира,Ивана Панфилова 3 — Калдаякова,1 200 000 〒,https://krisha.kz/a/show/660650974
197,679277161,"2-комнатная квартира, 37 м², 2/8 этаж на длительный срок",2-комнатная квартира,Болекбаева 14 — Жумабаева-Болекпаева,400 000 〒,https://krisha.kz/a/show/679277161
198,679277140,"2-комнатная квартира, 65 м² на длительный срок",2-комнатная квартира,"Есильский р-н, Кунаева — Байтерек, Дом Министерств",500 000 〒,https://krisha.kz/a/show/679277140
199,679277263,"2-комнатная квартира, 60 м², 10/24 этаж на длительный срок",2-комнатная квартира,"Есильский р-н, Роза Багланова 6",450 000 〒,https://krisha.kz/a/show/679277263
200,679277166,"2-комнатная квартира, 72 м², 8/16 этаж на длительный срок",2-комнатная квартира,"Сарыарка р-н, Богенбай батыра 24/2",200 000 〒,https://krisha.kz/a/show/679277166
201,679273556,"2-комнатная квартира, 61 м², 8/9 этаж на длительный срок",2-комнатная квартира,"Алматы р-н, А105 11 — Карагандинская трасса",900 000 〒,https://krisha.kz/a/show/679273556
202,679268981,"3-комнатная квартира, 105 м², 4/8 этаж на длительный срок",3-комнатная квартира,"Алматы р-н, Нажимеденова 34",650 000 〒,https://krisha.kz/a/show/679268981
203,679159595,"2-комнатная квартира, 75 м², 3/18 этаж на длительный срок",2-комнатная квартира,"Алматы р-н, Кенесары 70 — Жубанова",400 000 〒,https://krisha.kz/a/show/679159595
204,679275741,"3-комнатная квартира, 72 м², 8/8 этаж на длительный срок",3-комнатная квартира,"Есильский р-н, Улы дала 27/3",750 000 〒,https://krisha.kz/a/show/679275741
205,679275406,"2-комнатная квартира, 70 м², 17/25 этаж на длительный срок",2-комнатная квартира,"Сарыарка р-н, Пр. Сарыарка 1 — Шевченко",450 000 〒,https://krisha.kz/a/show/679275406
206,679047371,"2-комнатная квартира, 55 м² на длительный срок",2-комнатная квартира,"Алматы р-н, Мусрепова 7",370 000 〒,https://krisha.kz/a/show/679047371
207,679246778,"2-комнатная квартира, 64.4 м², 2/9 этаж на длительный срок",2-комнатная квартира,"Алматы р-н, Б. Момышулы 4",650 000 〒,https://krisha.kz/a/show/679246778
208,679274693,"2-комнатная квартира, 70 м², 3/4 этаж на длительный срок",2-комнатная квартира,"Алматы р-н, Переулок Нурлы — Сатпаева",350 000 〒,https://krisha.kz/a/show/679274693
209,679273985,"3-комнатная квартира, 140 м², 7/8 этаж на длительный срок",3-комнатная квартира,"Есильский р-н, мкр Комсомольский, Умай Ана 15",930 000 〒,https://krisha.kz/a/show/679273985
210,679273602,"2-комнатная квартира, 71 м², 10/10 этаж на длительный срок",2-комнатная квартира,"Алматы р-н, Куйши Дина 25/1",500 000 〒,https://krisha.kz/a/show/679273602
211,679270354,"2-комнатная квартира, 65 м², 15/15 этаж на длительный срок",2-комнатная квартира,"Есильский р-н, Пр.Кабанбай батыра 5 — Ул.Т.Рыскулова",600 000 〒,https://krisha.kz/a/show/679270354
212,679270614,"2-комнатная квартира, 60 м², 10/18 этаж на длительный срок",2-комнатная квартира,"Есильский р-н, E-10 f",60 000 〒,https://krisha.kz/a/show/679270614
213,679273330,"3-комнатная квартира, 50 м², 3/9 этаж на длительный срок",3-комнатная квартира,"Сарыарка р-н, Караменди би шакаулы 1 — Салем рынок",400 000 〒,https://krisha.kz/a/show/679273330
214,679078254,"3-комнатная квартира, 170 м², 33/38 этаж на длительный срок",3-комнатная квартира,"Сарыарка р-н, Желтоксан 2/3",1 000 000 〒,https://krisha.kz/a/show/679078254
215,679273111,"2-комнатная квартира, 50 м², 27/28 этаж на длительный срок",2-комнатная квартира,"Есильский р-н, Кошкарбаева 10/1 — Напротив мечети",500 000 〒,https://krisha.kz/a/show/679273111
216,679273006,"2-комнатная квартира, 70 м², 2/12 этаж на длительный срок",2-комнатная квартира,"Алматы р-н, Кошкарбаева 37",500 000 〒,https://krisha.kz/a/show/679273006
217,671524804,"2-комнатная квартира, 75 м², 4 этаж на длительный срок",2-комнатная квартира,"Есильский р-н, Бокейхана 30",320 000 〒,https://krisha.kz/a/show/671524804
218,679272651,"3-комнатная квартира, 110 м², 2/8 этаж на длительный срок",3-комнатная квартира,"Есильский р-н, Орынбор 27 — Мангилик ел",900 000 〒,https://krisha.kz/a/show/679272651
219,679098236,"3-комнатная квартира, 90 м², 11/18 этаж на длительный срок",3-комнатная квартира,"Есильский р-н, Мангелик Ел 47Е",700 000 〒,https://krisha.kz/a/show/679098236
220,679203909,"2-комнатная квартира, 65 м² на длительный срок",2-комнатная квартира,"Есильский р-н, Сарайшык 34 — Акмешит",700 000 〒,https://krisha.kz/a/show/679203909
221,678747706,"3-комнатная квартира, 183 м², 4/6 этаж на длительный срок",3-комнатная квартира,"Есильский р-н, Достык 1/3 — Достык",1 500 000 〒,https://krisha.kz/a/show/678747706
222,679072231,"2-комнатная квартира, 40 м², 2/16 этаж на длительный срок",2-комнатная квартира,"Сарыарка р-н, Айтматова 38 — Айтматова",400 000 〒,https://krisha.kz/a/show/679072231
223,679064774,"3-комнатная квартира, 95 м², 7/20 этаж на длительный срок",3-комнатная квартира,"Алматы р-н, Шамси Калдаякова — Сарыкол",400 000 〒,https://krisha.kz/a/show/679064774
224,679264226,"2-комнатная квартира, 60 м², 4/12 этаж на длительный срок",2-комнатная квартира,"Есильский р-н, Кошкарбаева 34 — Хазирет сұлтан мечеть",450 000 〒,https://krisha.kz/a/show/679264226
225,679265375,"2-комнатная квартира, 76 м², 12/36 этаж на длительный срок",2-комнатная квартира,"Есильский р-н, мкр Комсомольский, Кабанбай батыра 11",700 000 〒,https://krisha.kz/a/show/679265375
226,679245064,"2-комнатная квартира, 50 м², 3/5 этаж на длительный срок",2-комнатная квартира,"Сарыарка р-н, Бейбитшилик 35 — Богенбая",350 000 〒,https://krisha.kz/a/show/679245064
227,679267470,"2-комнатная квартира, 70 м², 16/20 этаж на длительный срок",2-комнатная квартира,"Есильский р-н, Сарайшык 7/2",500 000 〒,https://krisha.kz/a/show/679267470
228,679190093,"3-комнатная квартира, 89 м², 2/10 этаж на длительный срок",3-комнатная квартира,"Алматы р-н, Толстого",350 000 〒,https://krisha.kz/a/show/679190093
229,678425023,"2-комнатная квартира, 54 м², 7/9 этаж на длительный срок",2-комнатная квартира,"Алматы р-н, ул Сатпаева 20",450 000 〒,https://krisha.kz/a/show/678425023
230,679250653,"2-комнатная квартира, 50 м², 3/12 этаж на длительный срок",2-комнатная квартира,"Алматы р-н, Бектурова 3/1",500 000 〒,https://krisha.kz/a/show/679250653
231,679038905,"3-комнатная квартира, 172 м², 12/23 этаж на длительный срок",3-комнатная квартира,"Есильский р-н, Динмухаммед Кунаев 12 — Возле Байтерека и ТЦ Керуен",450 000 〒,https://krisha.kz/a/show/679038905
232,679268643,"3-комнатная квартира, 74 м², 1/12 этаж на длительный срок",3-комнатная квартира,"Алматы р-н, Кудайбердыулы 29/1",500 000 〒,https://krisha.kz/a/show/679268643
233,679264920,"3-комнатная квартира, 120 м², 10/36 этаж на длительный срок",3-комнатная квартира,"Есильский р-н, Кабанбай батыра 11",900 000 〒,https://krisha.kz/a/show/679264920
234,679235485,"2-комнатная квартира, 49 м², 9/9 этаж на длительный срок",2-комнатная квартира,"Сарыарка р-н, проспект Республики 23/1",450 000 〒,https://krisha.kz/a/show/679235485
235,679265061,"3-комнатная квартира, 98 м², 6/18 этаж на длительный срок",3-комнатная квартира,"Алматы р-н, Кошкарбаева 2 — Блок С 4",1 000 000 〒,https://krisha.kz/a/show/679265061
236,679254853,"2-комнатная квартира, 72 м², 9/9 этаж на длительный срок",2-комнатная квартира,"Есильский р-н, Омарова 5",600 000 〒,https://krisha.kz/a/show/679254853
237,679246400,"2-комнатная квартира, 100.5 м² на длительный срок",2-комнатная квартира,"Есильский р-н, Кунаева 14/1 — Байтерек",600 000 〒,https://krisha.kz/a/show/679246400
238,679163020,"2-комнатная квартира, 55 м², 1/12 этаж на длительный срок",2-комнатная квартира,"Алматы р-н, Кошкарбаева 45 — Айнаколь",200 000 〒,https://krisha.kz/a/show/679163020
239,679185785,"3-комнатная квартира, 76 м², 2/3 этаж на длительный срок",3-комнатная квартира,"Алматы р-н, Ул.Орхон 53",450 000 〒,https://krisha.kz/a/show/679185785
240,679265025,"3-комнатная квартира, 60 м², 1/4 этаж на длительный срок",3-комнатная квартира,"Сарыарка р-н, Ул.Алтынсарина — Есенберлина-Женис-Бейбитшилик",600 000 〒,https://krisha.kz/a/show/679265025
241,679271903,"3-комнатная квартира, 70 м², 5/16 этаж на длительный срок",3-комнатная квартира,"Алматы р-н, Майлина 29 — Майлина- Жумабаева",600 000 〒,https://krisha.kz/a/show/679271903
242,679271164,"2-комнатная квартира, 57 м², 3/11 этаж на длительный срок",2-комнатная квартира,"Алматы р-н, Ахмет Байтурсынулы — Нурмухаметова",350 000 〒,https://krisha.kz/a/show/679271164
243,679270955,"2-комнатная квартира, 48 м², 8 этаж на длительный срок",2-комнатная квартира,"Сарыарка р-н, Кумисбекова 11 — 7 казына",500 000 〒,https://krisha.kz/a/show/679270955
244,670983636,"2-комнатная квартира, 41.1 м², 5/8 этаж на длительный срок",2-комнатная квартира,"Алматы р-н, Аманжол Бөлекпаев 16",500 000 〒,https://krisha.kz/a/show/670983636
245,678734098,"3-комнатная квартира, 96 м², 4/7 этаж на длительный срок",3-комнатная квартира,"Есильский р-н, мкр Комсомольский, Аныракай — Е111",250 000 〒,https://krisha.kz/a/show/678734098
246,679270555,"2-комнатная квартира, 70 м², 5/14 этаж на длительный срок",2-комнатная квартира,"Алматы р-н, Сакена Сейфуллина 41",500 000 〒,https://krisha.kz/a/show/679270555
247,679270187,"2-комнатная квартира, 80 м² на длительный срок",2-комнатная квартира,"Алматы р-н, Иманбаевой 8 — Иманова",350 000 〒,https://krisha.kz/a/show/679270187
248,679269992,"2-комнатная квартира, 45 м², 3/5 этаж на длительный срок",2-комнатная квартира,"Сарыарка р-н, Мухтара ауезова",300 000 〒,https://krisha.kz/a/show/679269992
249,679269405,"2-комнатная квартира, 47 м², 10/16 этаж на длительный срок",2-комнатная квартира,"Есильский р-н, Кайым мухамедханова 4в",400 000 〒,https://krisha.kz/a/show/679269405
250,678548546,"3-комнатная квартира, 118 м², 4/12 этаж на длительный срок",3-комнатная квартира,"Сарыарка р-н, Тараса Шевченко 8",350 000 〒,https://krisha.kz/a/show/678548546
251,679269324,"3-комнатная квартира, 85 м² на длительный срок",3-комнатная квартира,"Есильский р-н, Аныракай 5 — Казыбек би",600 000 〒,https://krisha.kz/a/show/679269324
252,677774464,"2-комнатная квартира, 61 м², 12/19 этаж на длительный срок",2-комнатная квартира,Кабанбай-батыра 4/2 — Наркескен,700 000 〒,https://krisha.kz/a/show/677774464
253,47789155,"2-комнатная квартира, 56 м², 9/14 этаж на длительный срок",2-комнатная квартира,"Есильский р-н, проспект Мангилик Ел",700 000 〒,https://krisha.kz/a/show/47789155
254,670978012,"2-комнатная квартира, 60.7 м², 4/7 этаж на длительный срок",2-комнатная квартира,"Есильский р-н, Улы Дала — Сауран",600 000 〒,https://krisha.kz/a/show/670978012
255,679268127,"2-комнатная квартира, 61 м², 6/9 этаж на длительный срок",2-комнатная квартира,"Есильский р-н, Рыскулова 5/5 — Ул.Т.Рыскулова",650 000 〒,https://krisha.kz/a/show/679268127
256,679243523,"2-комнатная квартира, 52 м², 20/24 этаж на длительный срок",2-комнатная квартира,"Сарыарка р-н, Абая 10 — Рядом с акиматом",400 000 〒,https://krisha.kz/a/show/679243523
257,679244497,"2-комнатная квартира, 44 м², 3/12 этаж на длительный срок",2-комнатная квартира,"Алматы р-н, Нажимеденова 23 — Калдаякова",500 000 〒,https://krisha.kz/a/show/679244497
258,679267640,"2-комнатная квартира, 45 м², 3/9 этаж на длительный срок",2-комнатная квартира,"Есильский р-н, мкр Комсомольский, ул 38 30 — Улы дала пересечения Такелсиздик",450 000 〒,https://krisha.kz/a/show/679267640
259,679267559,"2-комнатная квартира, 65 м², 1/9 этаж на длительный срок",2-комнатная квартира,"Есильский р-н, 38-ая 30 — Школа бином",300 000 〒,https://krisha.kz/a/show/679267559
260,679267254,"3-комнатная квартира, 110 м² на длительный срок",3-комнатная квартира,"Алматы р-н, проспект Рахимжана Кошкарбаева 2",950 000 〒,https://krisha.kz/a/show/679267254
261,679014434,"2-комнатная квартира, 59 м², 4/10 этаж на длительный срок",2-комнатная квартира,Улы Дала 1/1,499 000 〒,https://krisha.kz/a/show/679014434
262,679091701,"3-комнатная квартира, 88 м², 5/7 этаж на длительный срок",3-комнатная квартира,"Есильский р-н, Сыганак — Школа Бином",450 000 〒,https://krisha.kz/a/show/679091701
263,679266725,"3-комнатная квартира, 48 м², 10/14 этаж на длительный срок",3-комнатная квартира,Бауыржан момышулы — Центр,1 500 000 〒,https://krisha.kz/a/show/679266725
264,679266293,"2-комнатная квартира, 85 м², 6/18 этаж на длительный срок",2-комнатная квартира,"Есильский р-н, Туркестан 2",400 000 〒,https://krisha.kz/a/show/679266293
265,679253150,"2-комнатная квартира, 68 м², 2/9 этаж на длительный срок",2-комнатная квартира,"Есильский р-н, Сыганак 15",800 000 〒,https://krisha.kz/a/show/679253150
266,678775498,"2-комнатная квартира, 55 м², 5/6 этаж на длительный срок",2-комнатная квартира,"Алматы р-н, Рыскулбекова — Мусрепова",250 000 〒,https://krisha.kz/a/show/678775498
267,679264918,"2-комнатная квартира, 56 м², 6/9 этаж на длительный срок",2-комнатная квартира,"Есильский р-н, Кайым Мухамедханов 21/2",600 000 〒,https://krisha.kz/a/show/679264918
268,679265255,"2-комнатная квартира, 60 м², 3/9 этаж на длительный срок",2-комнатная квартира,"Есильский р-н, Е-22 ул — E-51",500 000 〒,https://krisha.kz/a/show/679265255
269,679265051,"2-комнатная квартира, 70 м², 10/14 этаж на длительный срок",2-комнатная квартира,"Есильский р-н, Улы дала 5/2",300 000 〒,https://krisha.kz/a/show/679265051
270,679265076,"2-комнатная квартира, 65 м², 4/12 этаж на длительный срок",2-комнатная квартира,"Есильский р-н, мкр Комсомольский, E-753 ул 5",700 000 〒,https://krisha.kz/a/show/679265076
271,678894613,"2-комнатная квартира, 60 м², 6/9 этаж на длительный срок",2-комнатная квартира,"Алматы р-н, Мустафина 15 — проспект Шакарима Кудайбердиулы",200 000 〒,https://krisha.kz/a/show/678894613
272,679264727,"3-комнатная квартира, 100 м², 4/12 этаж на длительный срок",3-комнатная квартира,"Алматы р-н, Шыганак 3",350 000 〒,https://krisha.kz/a/show/679264727
273,678728527,"3-комнатная квартира, 78 м², 5/5 этаж на длительный срок",3-комнатная квартира,"Сарыарка р-н, проспект Республики",400 000 〒,https://krisha.kz/a/show/678728527
274,679264016,"2-комнатная квартира, 69 м², 2/8 этаж на длительный срок",2-комнатная квартира,"Есильский р-н, Улы дала",600 000 〒,https://krisha.kz/a/show/679264016
275,679263688,"2-комнатная квартира, 62 м², 2/3 этаж на длительный срок",2-комнатная квартира,"Алматы р-н, Ул.Орхон 53",450 000 〒,https://krisha.kz/a/show/679263688
276,679263284,"2-комнатная квартира, 50 м², 12/12 этаж на длительный срок",2-комнатная квартира,"Алматы р-н, Куши дина 31",190 000 〒,https://krisha.kz/a/show/679263284
277,672196558,"2-комнатная квартира, 50 м², 9/9 этаж на длительный срок",2-комнатная квартира,"Сарыарка р-н, Косшыгулулы 23/2",450 000 〒,https://krisha.kz/a/show/672196558
278,667716259,"2-комнатная квартира, 50 м², 16/18 этаж на длительный срок",2-комнатная квартира,"Сарыарка р-н, Сарыарка 5",500 000 〒,https://krisha.kz/a/show/667716259
279,679260872,"2-комнатная квартира, 70 м², 2/7 этаж на длительный срок",2-комнатная квартира,"Есильский р-н, Туран 89/3",900 000 〒,https://krisha.kz/a/show/679260872
280,679062713,"2-комнатная квартира, 66.8 м², 6/20 этаж на длительный срок",2-комнатная квартира,"Есильский р-н, Бектурова 4/6 — Туран",250 000 〒,https://krisha.kz/a/show/679062713
281,670522071,"2-комнатная квартира, 60 м², 1 этаж на длительный срок",2-комнатная квартира,"Есильский р-н, Сыганак 10 — Сауран",400 000 〒,https://krisha.kz/a/show/670522071
282,679259698,"2-комнатная квартира, 62 м², 3/7 этаж на длительный срок",2-комнатная квартира,"Есильский р-н, Улы Дала — Сауран",500 000 〒,https://krisha.kz/a/show/679259698
283,674803822,"2-комнатная квартира, 44.4 м², 1/5 этаж на длительный срок",2-комнатная квартира,"Сарыарка р-н, Ауэзова 25 — Джангельдина",210 000 〒,https://krisha.kz/a/show/674803822
284,668750573,"3-комнатная квартира, 155 м², 5/6 этаж на длительный срок",3-комнатная квартира,Сыганак 14/1,850 000 〒,https://krisha.kz/a/show/668750573
285,679258876,"2-комнатная квартира, 55 м², 6/22 этаж на длительный срок",2-комнатная квартира,"Есильский р-н, Мангилик Ел 54/2 — Улы Дала",600 000 〒,https://krisha.kz/a/show/679258876
286,679097818,"2-комнатная квартира, 50 м², 20/22 этаж на длительный срок",2-комнатная квартира,"Есильский р-н, Достык 1a — Центр",800 000 〒,https://krisha.kz/a/show/679097818
287,679160981,"3-комнатная квартира, 107 м², 3/20 этаж на длительный срок",3-комнатная квартира,"Алматы р-н, Байтурсынова 5",990 000 〒,https://krisha.kz/a/show/679160981
288,679248284,"3-комнатная квартира, 105 м², 3/11 этаж на длительный срок",3-комнатная квартира,"Есильский р-н, Улы дала 5/2",120 000 〒,https://krisha.kz/a/show/679248284
289,679257737,"2-комнатная квартира, 74 м², 4/6 этаж на длительный срок",2-комнатная квартира,"Есильский р-н, Кабанбай батыра 60а/17",500 000 〒,https://krisha.kz/a/show/679257737
290,679060302,"3-комнатная квартира, 65 м², 6/10 этаж на длительный срок",3-комнатная квартира,"Есильский р-н, Сыганак 18/1",600 000 〒,https://krisha.kz/a/show/679060302
291,679257594,"3-комнатная квартира, 110 м², 3/5 этаж на длительный срок",3-комнатная квартира,"Алматы р-н, Мустафина 9",350 000 〒,https://krisha.kz/a/show/679257594
292,679256353,"3-комнатная квартира, 94 м², 8/13 этаж на длительный срок",3-комнатная квартира,"Есильский р-н, Чингиза Айтматова — Школа-лицей 71",650 000 〒,https://krisha.kz/a/show/679256353
293,679256023,"2-комнатная квартира, 62 м², 1/6 этаж на длительный срок",2-комнатная квартира,"Алматы р-н, Лепсы 42",420 000 〒,https://krisha.kz/a/show/679256023
294,679078680,"2-комнатная квартира, 48 м², 9/28 этаж на длительный срок",2-комнатная квартира,"Алматы р-н, Нажимеденова 4",600 000 〒,https://krisha.kz/a/show/679078680
295,679255839,"2-комнатная квартира, 65 м², 4/5 этаж на длительный срок",2-комнатная квартира,"Есильский р-н, Коргалжынское шоссе 8/1",600 000 〒,https://krisha.kz/a/show/679255839
296,679252531,"2-комнатная квартира, 62 м², 2/7 этаж на длительный срок",2-комнатная квартира,"Есильский р-н, Улы Дала 6 — Сауран",600 000 〒,https://krisha.kz/a/show/679252531
297,677412985,"2-комнатная квартира, 42.1 м², 7/28 этаж на длительный срок",2-комнатная квартира,"Алматы р-н, Кошкарбаева 10/1 — Тауелсыздык",400 000 〒,https://krisha.kz/a/show/677412985
298,679066320,"2-комнатная квартира, 60 м², 5/12 этаж на длительный срок",2-комнатная квартира,"Есильский р-н, Сарайшык 34",400 000 〒,https://krisha.kz/a/show/679066320
299,679251904,"2-комнатная квартира, 120 м² на длительный срок",2-комнатная квартира,"Алматы р-н, Кабанбай батыра 43В",500 000 〒,https://krisha.kz/a/show/679251904
300,679251145,"3-комнатная квартира, 94 м², 13/16 этаж на длительный срок",3-комнатная квартира,"Есильский р-н, Мухамедханова 4в — 306",600 000 〒,https://krisha.kz/a/show/679251145
301,678746043,"3-комнатная квартира, 72 м² на длительный срок",3-комнатная квартира,"Есильский р-н, Е15",350 000 〒,https://krisha.kz/a/show/678746043
302,679250693,"3-комнатная квартира, 80 м², 3/9 этаж на длительный срок",3-комнатная квартира,"Есильский р-н, мкр Комсомольский, Е-755 1",700 000 〒,https://krisha.kz/a/show/679250693
303,679250674,"3-комнатная квартира, 110 м², 3/8 этаж на длительный срок",3-комнатная квартира,"Есильский р-н, Достык — Мангилик ел",650 000 〒,https://krisha.kz/a/show/679250674
304,679249798,"2-комнатная квартира, 60 м², 1/5 этаж на длительный срок",2-комнатная квартира,"р-н Байконур, Ташенова",600 000 〒,https://krisha.kz/a/show/679249798
305,677638433,"3-комнатная квартира, 109 м², 10/16 этаж на длительный срок",3-комнатная квартира,"Сарыарка р-н, Абая 8",700 000 〒,https://krisha.kz/a/show/677638433
306,679027779,"2-комнатная квартира, 47 м², 10/14 этаж на длительный срок",2-комнатная квартира,"Есильский р-н, Сарайшык 7/3",500 000 〒,https://krisha.kz/a/show/679027779
307,679249443,"2-комнатная квартира, 60 м², 12/16 этаж на длительный срок",2-комнатная квартира,"Алматы р-н, Сатпаева 20",500 000 〒,https://krisha.kz/a/show/679249443
308,679248494,"3-комнатная квартира, 87 м², 6/11 этаж на длительный срок",3-комнатная квартира,"Алматы р-н, А.Байтурсынова 47",900 000 〒,https://krisha.kz/a/show/679248494
309,677472109,"3-комнатная квартира, 150 м², 7/9 этаж на длительный срок",3-комнатная квартира,"Есильский р-н, мкр Комсомольский 14/2",1 400 000 〒,https://krisha.kz/a/show/677472109
310,679228563,"2-комнатная квартира, 75 м², 1/9 этаж на длительный срок",2-комнатная квартира,"р-н Байконур, Сембинова 9/1",600 000 〒,https://krisha.kz/a/show/679228563
311,679247341,"2-комнатная квартира, 60 м², 7/9 этаж на длительный срок",2-комнатная квартира,"Алматы р-н, Б. Момышулы 18",600 000 〒,https://krisha.kz/a/show/679247341
312,679220968,"2-комнатная квартира, 70 м², 25/31 этаж на длительный срок",2-комнатная квартира,"Алматы р-н, Кошкарбаева 10 1 — Тәуелсіздік",800 000 〒,https://krisha.kz/a/show/679220968
313,679237252,"2-комнатная квартира, 63 м², 4/10 этаж на длительный срок",2-комнатная квартира,"Алматы р-н, Тауелсиздик 34/12",400 000 〒,https://krisha.kz/a/show/679237252
314,679248843,"2-комнатная квартира, 64.6 м², 7/9 этаж на длительный срок",2-комнатная квартира,"Есильский р-н, Бектурова 4/1 — Хан-Шатыр, супермаркет Анвар, Национальный научный кардиохирургический центр.",350 000 〒,https://krisha.kz/a/show/679248843
315,679061798,"3-комнатная квартира, 90 м², 5/12 этаж на длительный срок",3-комнатная квартира,"Алматы р-н, Б. Момышулы 16",400 000 〒,https://krisha.kz/a/show/679061798
316,679249165,"2-комнатная квартира, 54 м², 2/6 этаж на длительный срок",2-комнатная квартира,"Сарыарка р-н, Косшыулулы 13/1",850 000 〒,https://krisha.kz/a/show/679249165
317,679248525,"2-комнатная квартира, 75 м², 2/7 этаж на длительный срок",2-комнатная квартира,"Есильский р-н, 38 20 — Улы дала",800 000 〒,https://krisha.kz/a/show/679248525
318,679191140,"2-комнатная квартира, 60 м², 4/10 этаж на длительный срок",2-комнатная квартира,"Есильский р-н, Омарова 27",700 000 〒,https://krisha.kz/a/show/679191140
319,677207404,"2-комнатная квартира, 65 м², 11/13 этаж на длительный срок",2-комнатная квартира,"Алматы р-н, Кошкарбаева",350 000 〒,https://krisha.kz/a/show/677207404
320,679163301,"2-комнатная квартира, 50 м², 7/9 этаж на длительный срок",2-комнатная квартира,"Есильский р-н, Улы дала 11/1 — Туркестан",400 000 〒,https://krisha.kz/a/show/679163301
321,679246150,"2-комнатная квартира, 52 м², 3/9 этаж на длительный срок",2-комнатная квартира,"Алматы р-н, Қошқарбаева 64",450 000 〒,https://krisha.kz/a/show/679246150
322,679245984,"2-комнатная квартира, 52 м², 2/9 этаж на длительный срок",2-комнатная квартира,"Алматы р-н, Қошқарбаева 58",450 000 〒,https://krisha.kz/a/show/679245984
323,679245947,"2-комнатная квартира, 60 м², 3/12 этаж на длительный срок",2-комнатная квартира,"Сарыарка р-н, Караменде би Шакаулы 7",500 000 〒,https://krisha.kz/a/show/679245947
324,679245797,"2-комнатная квартира, 48 м², 8/9 этаж на длительный срок",2-комнатная квартира,"Есильский р-н, Кургальжинское шоссе 29а — Ш.Айтматова",230 000 〒,https://krisha.kz/a/show/679245797
325,679054187,"2-комнатная квартира, 62 м², 7/9 этаж на длительный срок",2-комнатная квартира,"Есильский р-н, Сауран",500 000 〒,https://krisha.kz/a/show/679054187
326,679245031,"2-комнатная квартира, 55 м², 12/13 этаж на длительный срок",2-комнатная квартира,"Алматы р-н, Кудайбердыулы 25/1 — Кудайберды улы /Мурепов",500 000 〒,https://krisha.kz/a/show/679245031
327,679244817,"3-комнатная квартира, 78 м², 7 этаж на длительный срок",3-комнатная квартира,"Есильский р-н, Достык 5",700 000 〒,https://krisha.kz/a/show/679244817
328,679049952,"2-комнатная квартира, 68.5 м², 2/10 этаж на длительный срок",2-комнатная квартира,"Алматы р-н, Майлина 8",250 000 〒,https://krisha.kz/a/show/679049952
329,672037700,"3-комнатная квартира, 90 м², 6/7 этаж на длительный срок",3-комнатная квартира,"Есильский р-н, Кабанбай батыра 60/20",620 000 〒,https://krisha.kz/a/show/672037700
330,677604515,"2-комнатная квартира, 113.8 м², 6/9 этаж на длительный срок",2-комнатная квартира,"Алматы р-н, Тауелсыздык 31/2",1 000 000 〒,https://krisha.kz/a/show/677604515
331,678279076,"2-комнатная квартира, 51.89 м², 8/9 этаж на длительный срок",2-комнатная квартира,"Есильский р-н, Пр.Кабанбай батыра — Ул.Т.Рыскулова",500 000 〒,https://krisha.kz/a/show/678279076
332,679241736,"2-комнатная квартира, 67 м², 5/20 этаж на длительный срок",2-комнатная квартира,"Есильский р-н, Бухар жырау 20Б",590 000 〒,https://krisha.kz/a/show/679241736
333,679043781,"3-комнатная квартира, 65 м², 2/9 этаж на длительный срок",3-комнатная квартира,"Алматы р-н, Тауельсиздик — Момышулы",400 000 〒,https://krisha.kz/a/show/679043781
334,679235454,"2-комнатная квартира, 50 м², 20/28 этаж на длительный срок",2-комнатная квартира,"Алматы р-н, Нажимеденова 4",400 000 〒,https://krisha.kz/a/show/679235454
335,679240444,"3-комнатная квартира, 78.9 м², 4/12 этаж на длительный срок",3-комнатная квартира,"Есильский р-н, мкр Комсомольский, E-10 8",500 000 〒,https://krisha.kz/a/show/679240444
336,664046678,"3-комнатная квартира, 67 м², 5/12 этаж на длительный срок",3-комнатная квартира,"Алматы р-н, Момышулы 18/1 — Жумабаева",900 000 〒,https://krisha.kz/a/show/664046678
337,674626749,"2-комнатная квартира, 63 м², 8/9 этаж на длительный срок",2-комнатная квартира,"Есильский р-н, Мухамедханова — Айтматова",320 000 〒,https://krisha.kz/a/show/674626749
338,675129384,"3-комнатная квартира, 70 м², 2/5 этаж на длительный срок",3-комнатная квартира,Переулок Ташенова 4 — Кабанбай батыра,469 500 〒,https://krisha.kz/a/show/675129384
339,674118814,"2-комнатная квартира, 70 м², 6/9 этаж на длительный срок",2-комнатная квартира,"Сарыарка р-н, 189 улица 12/3",250 000 〒,https://krisha.kz/a/show/674118814
340,679238291,"2-комнатная квартира, 55 м², 21/22 этаж на длительный срок",2-комнатная квартира,"Алматы р-н, А-62 1/2 — Нажимеденова байтурсынрва",650 000 〒,https://krisha.kz/a/show/679238291
341,676023765,"2-комнатная квартира, 71 м², 17/17 этаж на длительный срок",2-комнатная квартира,"р-н Байконур, Богенбай батыра 56",480 000 〒,https://krisha.kz/a/show/676023765
342,676030122,"3-комнатная квартира, 130 м², 5/9 этаж на длительный срок",3-комнатная квартира,"Есильский р-н, Сауран 17 — Улы дала",1 000 000 〒,https://krisha.kz/a/show/676030122
343,679236446,"3-комнатная квартира, 82 м², 5/16 этаж на длительный срок",3-комнатная квартира,"Алматы р-н, Майлина 29 — Жумабаева/майлина",600 000 〒,https://krisha.kz/a/show/679236446
344,679037205,"2-комнатная квартира, 75 м², 7/23 этаж на длительный срок",2-комнатная квартира,"Алматы р-н, Байтурсынова 23-15 12/1",450 000 〒,https://krisha.kz/a/show/679037205
345,679176983,"2-комнатная квартира, 45 м², 5/5 этаж на длительный срок",2-комнатная квартира,"Сарыарка р-н, Желтоксан",220 000 〒,https://krisha.kz/a/show/679176983
346,679208046,"2-комнатная квартира, 61 м², 9/12 этаж на длительный срок",2-комнатная квартира,"Алматы р-н, Керей и Жанибек хандар 42",275 000 〒,https://krisha.kz/a/show/679208046
347,676475397,"2-комнатная квартира, 60 м², 3/12 этаж на длительный срок",2-комнатная квартира,Кордай 75,250 000 〒,https://krisha.kz/a/show/676475397
348,679128608,"2-комнатная квартира, 60 м², 6/9 этаж на длительный срок",2-комнатная квартира,"Сарыарка р-н, 189 6",250 000 〒,https://krisha.kz/a/show/679128608
349,679229847,"2-комнатная квартира, 60 м², 1/3 этаж на длительный срок",2-комнатная квартира,"Есильский р-н, мкр Уркер 2 — Укылы. Ыбрай",275 000 〒,https://krisha.kz/a/show/679229847
350,674120882,"2-комнатная квартира, 58.1 м², 3/7 этаж на длительный срок",2-комнатная квартира,"Есильский р-н, Аныракай 42 — Е111 ул",200 000 〒,https://krisha.kz/a/show/674120882
351,679228928,"3-комнатная квартира, 150 м² на длительный срок",3-комнатная квартира,"р-н Байконур, Кенесары 47",700 000 〒,https://krisha.kz/a/show/679228928
352,678895950,"3-комнатная квартира, 125 м² на длительный срок",3-комнатная квартира,"Есильский р-н, Керей и Жанибек хандар",700 000 〒,https://krisha.kz/a/show/678895950
353,678695514,"3-комнатная квартира, 90 м², 8/14 этаж на длительный срок",3-комнатная квартира,"Алматы р-н, Б. Момышулы 14",300 000 〒,https://krisha.kz/a/show/678695514
354,679228038,"2-комнатная квартира, 65 м², 7/12 этаж на длительный срок",2-комнатная квартира,Нажимеденова 23а — Мечеть Хазирет Султан,500 000 〒,https://krisha.kz/a/show/679228038
355,679156241,"2-комнатная квартира, 65 м², 4/9 этаж на длительный срок",2-комнатная квартира,"Алматы р-н, Момышулы 2/6",790 000 〒,https://krisha.kz/a/show/679156241
356,678872256,"3-комнатная квартира, 140.2 м², 16/21 этаж на длительный срок",3-комнатная квартира,"Есильский р-н, Динмухаммед Кунаев 12",450 000 〒,https://krisha.kz/a/show/678872256
357,679226528,"2-комнатная квартира, 77 м², 4/5 этаж на длительный срок",2-комнатная квартира,"Алматы р-н, Абылай хана 1",450 000 〒,https://krisha.kz/a/show/679226528
358,679048701,"2-комнатная квартира, 60 м², 7/10 этаж на длительный срок",2-комнатная квартира,"Сарыарка р-н, 187 18",350 000 〒,https://krisha.kz/a/show/679048701
359,679025764,"2-комнатная квартира, 80 м², 12/16 этаж на длительный срок",2-комнатная квартира,"Алматы р-н, Иманова 26",300 000 〒,https://krisha.kz/a/show/679025764
360,679024878,"2-комнатная квартира, 60 м², 1/5 этаж на длительный срок",2-комнатная квартира,"Алматы р-н, Сатпаева 6/1",550 000 〒,https://krisha.kz/a/show/679024878
361,677567016,"3-комнатная квартира, 107.5 м², 8/18 этаж на длительный срок",3-комнатная квартира,"Есильский р-н, Кабанбай Батыра 13/3",1 500 000 〒,https://krisha.kz/a/show/677567016
362,679140747,"2-комнатная квартира, 60 м², 10/12 этаж на длительный срок",2-комнатная квартира,"Есильский р-н, E-753 ул 3",600 000 〒,https://krisha.kz/a/show/679140747
363,677340905,"2-комнатная квартира, 70 м², 14/16 этаж на длительный срок",2-комнатная квартира,"р-н Байконур, Жубанова 10",250 000 〒,https://krisha.kz/a/show/677340905
364,679020053,"2-комнатная квартира, 84 м², 11/14 этаж на длительный срок",2-комнатная квартира,"Алматы р-н, Кунаева 14/2",470 000 〒,https://krisha.kz/a/show/679020053
365,679017295,"2-комнатная квартира, 70 м², 3/15 этаж на длительный срок",2-комнатная квартира,"Алматы р-н, Нажимеденова 22",350 000 〒,https://krisha.kz/a/show/679017295
366,675607844,"2-комнатная квартира, 56 м², 2/9 этаж на длительный срок",2-комнатная квартира,А. Бөкейхан 28,350 000 〒,https://krisha.kz/a/show/675607844
367,679014769,"3-комнатная квартира, 96 м², 9/9 этаж на длительный срок",3-комнатная квартира,"Есильский р-н, А. Бөкейхан 28",350 000 〒,https://krisha.kz/a/show/679014769
368,679212507,"2-комнатная квартира, 55 м², 1/9 этаж на длительный срок",2-комнатная квартира,"Алматы р-н, Мустафина 21/5-7",450 000 〒,https://krisha.kz/a/show/679212507
369,679208326,"3-комнатная квартира, 80 м², 1/1 этаж на длительный срок",3-комнатная квартира,"Есильский р-н, Мугалжар — Тельмана",500 000 〒,https://krisha.kz/a/show/679208326
370,679218570,"2-комнатная квартира, 43 м², 8/10 этаж на длительный срок",2-комнатная квартира,"Есильский р-н, мкр Комсомольский 23 — Пересечение с Улы Дала Бухар Жырау",600 000 〒,https://krisha.kz/a/show/679218570
371,679196076,"3-комнатная квартира, 100 м², 4/10 этаж на длительный срок",3-комнатная квартира,"Есильский р-н, Сарайшык 40",700 000 〒,https://krisha.kz/a/show/679196076
372,679216242,"2-комнатная квартира, 63 м², 10/10 этаж на длительный срок",2-комнатная квартира,"Сарыарка р-н, Сыганак 64/1",400 000 〒,https://krisha.kz/a/show/679216242
373,679197351,"2-комнатная квартира, 93 м², 3/16 этаж на длительный срок",2-комнатная квартира,"Алматы р-н, Ташенова 7 — Республика",500 000 〒,https://krisha.kz/a/show/679197351
374,679221632,"2-комнатная квартира, 51 м², 16/16 этаж на длительный срок",2-комнатная квартира,"Есильский р-н, Акмешит 7/б — Абу-Даби плаза",320 000 〒,https://krisha.kz/a/show/679221632
375,679129323,"3-комнатная квартира, 120 м², 6/11 этаж на длительный срок",3-комнатная квартира,"Сарыарка р-н, Есенберлина 7/1 — Біржан Сал- Есенберлина",390 000 〒,https://krisha.kz/a/show/679129323
376,665497438,"2-комнатная квартира, 85 м², 3 этаж на длительный срок",2-комнатная квартира,"Есильский р-н, Динмухаммед Кунаев 12",330 000 〒,https://krisha.kz/a/show/665497438
377,665313274,"3-комнатная квартира, 100 м², 14/18 этаж на длительный срок",3-комнатная квартира,"Есильский р-н, Мәңгілік ел 45",750 000 〒,https://krisha.kz/a/show/665313274
378,660454037,"2-комнатная квартира, 59 м², 11/24 этаж на длительный срок",2-комнатная квартира,"Алматы р-н, Момышулы",400 000 〒,https://krisha.kz/a/show/660454037
379,679189492,"2-комнатная квартира, 64 м², 11/15 этаж на длительный срок",2-комнатная квартира,"Есильский р-н, Мангилик ел 19",550 000 〒,https://krisha.kz/a/show/679189492
380,679016869,"2-комнатная квартира, 72 м², 3/9 этаж на длительный срок",2-комнатная квартира,"Есильский р-н, Сауран — Алматы /сауран",350 000 〒,https://krisha.kz/a/show/679016869
381,679219504,"2-комнатная квартира, 58 м², 4/12 этаж на длительный срок",2-комнатная квартира,"Есильский р-н, Сыганак 14",400 000 〒,https://krisha.kz/a/show/679219504
382,679024727,"3-комнатная квартира, 147 м², 12/20 этаж на длительный срок",3-комнатная квартира,"Есильский р-н, Кабанбай батыра 6/3 — Comfort Hotel Astana",1 500 000 〒,https://krisha.kz/a/show/679024727
383,678486680,"2-комнатная квартира, 62 м², 12/13 этаж на длительный срок",2-комнатная квартира,"Есильский р-н, ул Е49 7",550 000 〒,https://krisha.kz/a/show/678486680
384,679218461,"2-комнатная квартира, 60 м², 8/14 этаж на длительный срок",2-комнатная квартира,"Есильский р-н, Бектурова 4 В — Туран",400 000 〒,https://krisha.kz/a/show/679218461
385,661958298,"3-комнатная квартира, 110 м², 3/5 этаж на длительный срок",3-комнатная квартира,"Есильский р-н, УлыДала 22",700 000 〒,https://krisha.kz/a/show/661958298
386,679217158,"2-комнатная квартира, 55 м², 2/9 этаж на длительный срок",2-комнатная квартира,"Есильский р-н, Мухамедханова 4В — 306",320 000 〒,https://krisha.kz/a/show/679217158
387,673581016,"2-комнатная квартира, 60 м², 8/10 этаж на длительный срок",2-комнатная квартира,"Есильский р-н, Е-809 ул 23",450 000 〒,https://krisha.kz/a/show/673581016
388,678244075,"2-комнатная квартира, 67.4 м², 9/20 этаж на длительный срок",2-комнатная квартира,"Есильский р-н, Бектурова 4/6",300 000 〒,https://krisha.kz/a/show/678244075
389,670018037,"3-комнатная квартира, 88 м², 1/7 этаж на длительный срок",3-комнатная квартира,"Алматы р-н, Калдаякова 2",400 000 〒,https://krisha.kz/a/show/670018037
390,679214940,"2-комнатная квартира, 72 м², 6/10 этаж на длительный срок",2-комнатная квартира,"Алматы р-н, Сатпаева 23/1",600 000 〒,https://krisha.kz/a/show/679214940
391,679214393,"2-комнатная квартира, 50 м² на длительный срок",2-комнатная квартира,Мухамбетова 8,300 000 〒,https://krisha.kz/a/show/679214393
392,679139048,"2-комнатная квартира, 90 м² на длительный срок",2-комнатная квартира,"Алматы р-н, Тауелсиздик 34 — Astana Mall, дворец школьников",500 000 〒,https://krisha.kz/a/show/679139048
393,679212966,"2-комнатная квартира, 60 м², 4/9 этаж на длительный срок",2-комнатная квартира,Нажимеденова 27,500 000 〒,https://krisha.kz/a/show/679212966
394,679210262,"2-комнатная квартира, 49 м², 6/10 этаж на длительный срок",2-комнатная квартира,Сығанақ 7,350 000 〒,https://krisha.kz/a/show/679210262
395,662184320,"3-комнатная квартира, 145 м², 6/6 этаж на длительный срок",3-комнатная квартира,"Алматы р-н, Нажимеденова 14",990 000 〒,https://krisha.kz/a/show/662184320
396,678893533,"2-комнатная квартира, 58 м², 2/8 этаж на длительный срок",2-комнатная квартира,"Есильский р-н, Сыганак 2 — Чингиза Айтматова",160 000 〒,https://krisha.kz/a/show/678893533
397,679205613,"3-комнатная квартира, 71 м², 1/18 этаж на длительный срок",3-комнатная квартира,"Есильский р-н, Туркестан 8 — Алматы туркестан",500 000 〒,https://krisha.kz/a/show/679205613
398,679200747,"2-комнатная квартира, 66 м², 20/22 этаж на длительный срок",2-комнатная квартира,"Есильский р-н, Бектурова — Туран",500 000 〒,https://krisha.kz/a/show/679200747
399,679204081,"2-комнатная квартира, 72 м² на длительный срок",2-комнатная квартира,Туркестан,320 000 〒,https://krisha.kz/a/show/679204081
400,678674160,"3-комнатная квартира, 73 м², 6/8 этаж на длительный срок",3-комнатная квартира,"Есильский р-н, Е-809 улица — Мангилик ел",500 000 〒,https://krisha.kz/a/show/678674160
401,679203436,"2-комнатная квартира, 52 м², 4/7 этаж на длительный срок",2-комнатная квартира,"Есильский р-н, Е-767 улица 11",400 000 〒,https://krisha.kz/a/show/679203436
402,679201903,"2-комнатная квартира, 110 м² на длительный срок",2-комнатная квартира,"Есильский р-н, Кайыма Мухамедханова 7",500 000 〒,https://krisha.kz/a/show/679201903
403,679199302,"3-комнатная квартира, 200 м², 4/4 этаж на длительный срок",3-комнатная квартира,"Есильский р-н, мкр Комсомольский, Аягоз 1 — Қорғалжын",700 000 〒,https://krisha.kz/a/show/679199302
404,678329773,"2-комнатная квартира, 51 м², 1/9 этаж на длительный срок",2-комнатная квартира,"Есильский р-н, мкр Комсомольский, Сауран — Алматы",200 000 〒,https://krisha.kz/a/show/678329773
405,674588232,"2-комнатная квартира, 67 м², 5/7 этаж на длительный срок",2-комнатная квартира,"Есильский р-н, 38 ул — Керей жанибек хандры",500 000 〒,https://krisha.kz/a/show/674588232
406,679196981,"3-комнатная квартира, 90 м², 7/8 этаж на длительный срок",3-комнатная квартира,"Есильский р-н, ул 38",600 000 〒,https://krisha.kz/a/show/679196981
407,679196377,"3-комнатная квартира, 85 м², 1/12 этаж на длительный срок",3-комнатная квартира,"Сарыарка р-н, Абылайхана 14 — Кажымухан",600 000 〒,https://krisha.kz/a/show/679196377
408,679196343,"2-комнатная квартира, 40 м², 10/12 этаж на длительный срок",2-комнатная квартира,"Есильский р-н, Мәңгілік Ел 21 — Керей жанибек хандар",30 000 〒,https://krisha.kz/a/show/679196343
409,679196248,"2-комнатная квартира, 55 м², 7/7 этаж на длительный срок",2-комнатная квартира,"Есильский р-н, Сыганак 13/1",200 000 〒,https://krisha.kz/a/show/679196248
410,672384997,"3-комнатная квартира, 99 м², 6/21 этаж на длительный срок",3-комнатная квартира,"Есильский р-н, Кабанбай батыра 43В",600 000 〒,https://krisha.kz/a/show/672384997
411,678399981,"2-комнатная квартира, 67 м², 5/9 этаж на длительный срок",2-комнатная квартира,"Есильский р-н, Әбікен Бектұров — Туран - сығанак",220 000 〒,https://krisha.kz/a/show/678399981
412,679195737,"2-комнатная квартира, 60 м², 9/15 этаж на длительный срок",2-комнатная квартира,"р-н Байконур, Тлендиева 44А",300 000 〒,https://krisha.kz/a/show/679195737
413,678165949,"3-комнатная квартира, 118 м², 8/15 этаж на длительный срок",3-комнатная квартира,"Сарыарка р-н, Азербайжана Мамбетова 16",700 000 〒,https://krisha.kz/a/show/678165949
414,678777899,"2-комнатная квартира, 72.4 м², 2/6 этаж на длительный срок",2-комнатная квартира,"Есильский р-н, 38 улица 6",200 000 〒,https://krisha.kz/a/show/678777899
415,679015686,"2-комнатная квартира, 65 м², 9/14 этаж на длительный срок",2-комнатная квартира,"Есильский р-н, Сарайшык 5",600 000 〒,https://krisha.kz/a/show/679015686
416,679181380,"3-комнатная квартира, 90 м², 8/9 этаж на длительный срок",3-комнатная квартира,"Есильский р-н, Бокейхана 30",700 000 〒,https://krisha.kz/a/show/679181380
417,679183460,"3-комнатная квартира, 71 м², 2/10 этаж на длительный срок",3-комнатная квартира,"Сарыарка р-н, Косшыгулы 11",750 000 〒,https://krisha.kz/a/show/679183460
418,679191315,"3-комнатная квартира, 110 м², 5/20 этаж на длительный срок",3-комнатная квартира,"Есильский р-н, Мангилик Ел 17",900 000 〒,https://krisha.kz/a/show/679191315
419,679192975,"2-комнатная квартира, 60 м², 8/13 этаж на длительный срок",2-комнатная квартира,"р-н Байконур, Отырар 18",500 000 〒,https://krisha.kz/a/show/679192975
420,679193781,"3-комнатная квартира, 109 м², 1/10 этаж на длительный срок",3-комнатная квартира,"Есильский р-н, А. Бокейханова 3б — Керей , Жанибек Хандар",300 000 〒,https://krisha.kz/a/show/679193781
421,676476470,"3-комнатная квартира, 54 м², 1/5 этаж на длительный срок",3-комнатная квартира,"Сарыарка р-н, Потанина 16 — Московская",500 000 〒,https://krisha.kz/a/show/676476470
422,679193337,"2-комнатная квартира, 57.1 м², 8/9 этаж на длительный срок",2-комнатная квартира,"Есильский р-н, Сарайшык 9",400 000 〒,https://krisha.kz/a/show/679193337
423,679192129,"2-комнатная квартира, 67 м², 8/10 этаж на длительный срок",2-комнатная квартира,"Алматы р-н, проспект Шакарима Кудайбердиулы 17",550 000 〒,https://krisha.kz/a/show/679192129
424,679192017,"2-комнатная квартира, 82 м² на длительный срок",2-комнатная квартира,"Сарыарка р-н, Дукенулы 38",300 000 〒,https://krisha.kz/a/show/679192017
425,679098594,"3-комнатная квартира, 85 м², 2/28 этаж на длительный срок",3-комнатная квартира,"Алматы р-н, Нажимеденова 4",680 000 〒,https://krisha.kz/a/show/679098594
426,679189724,"3-комнатная квартира, 93 м², 11/11 этаж на длительный срок",3-комнатная квартира,"Сарыарка р-н, Жеңіс — Сарыарқа",500 000 〒,https://krisha.kz/a/show/679189724
427,675939084,"2-комнатная квартира, 55 м², 3/7 этаж на длительный срок",2-комнатная квартира,"Есильский р-н, Е 15 ул 11",300 000 〒,https://krisha.kz/a/show/675939084
428,679189027,"2-комнатная квартира, 43 м², 3/14 этаж на длительный срок",2-комнатная квартира,"Сарыарка р-н, Тилендиева 36",250 000 〒,https://krisha.kz/a/show/679189027
429,678170117,"3-комнатная квартира, 150 м², 4/6 этаж на длительный срок",3-комнатная квартира,Сыганак 58/1,800 000 〒,https://krisha.kz/a/show/678170117
430,679119300,"2-комнатная квартира, 65 м² на длительный срок",2-комнатная квартира,"Есильский р-н, Достык 14",600 000 〒,https://krisha.kz/a/show/679119300
431,679185258,"2-комнатная квартира, 54.8 м², 2/9 этаж на длительный срок",2-комнатная квартира,"Алматы р-н, Кулагер 4 — Е-10-Омарова",400 000 〒,https://krisha.kz/a/show/679185258
432,679184319,"3-комнатная квартира, 70 м², 5/5 этаж на длительный срок",3-комнатная квартира,"Алматы р-н, Ш. Кудайберди 30 — 7 поликлиника",600 000 〒,https://krisha.kz/a/show/679184319
433,679182869,"2-комнатная квартира, 63 м², 2/6 этаж на длительный срок",2-комнатная квартира,"Есильский р-н, 38-я улица — Улы Дала",500 000 〒,https://krisha.kz/a/show/679182869
434,679178207,"3-комнатная квартира, 100 м², 8/9 этаж на длительный срок",3-комнатная квартира,"Есильский р-н, Достык 12",800 000 〒,https://krisha.kz/a/show/679178207
435,679180226,"2-комнатная квартира, 72 м², 6/9 этаж на длительный срок",2-комнатная квартира,"Есильский р-н, Ильяс Омарова",400 000 〒,https://krisha.kz/a/show/679180226
436,679177849,"2-комнатная квартира, 48 м², 1/5 этаж на длительный срок",2-комнатная квартира,"Сарыарка р-н, Мәскеу 20 — улица потанин",500 000 〒,https://krisha.kz/a/show/679177849
437,679176761,"2-комнатная квартира, 50 м², 6/20 этаж на длительный срок",2-комнатная квартира,"Есильский р-н, Туркестан 14 — Мангилик ел",500 000 〒,https://krisha.kz/a/show/679176761
438,665797024,"2-комнатная квартира, 52 м², 8/8 этаж на длительный срок",2-комнатная квартира,"Есильский р-н, Кабанбай батыра 9/3",550 000 〒,https://krisha.kz/a/show/665797024
439,679141532,"3-комнатная квартира, 100 м², 3/5 этаж на длительный срок",3-комнатная квартира,"Есильский р-н, Туран 11",900 000 〒,https://krisha.kz/a/show/679141532
440,675053242,"3-комнатная квартира, 110 м², 12/22 этаж на длительный срок",3-комнатная квартира,"Есильский р-н, Достык 1 а",1 500 000 〒,https://krisha.kz/a/show/675053242
441,672154790,"2-комнатная квартира, 51 м², 10/18 этаж на длительный срок",2-комнатная квартира,"Алматы р-н, К. Азербаева 47",200 000 〒,https://krisha.kz/a/show/672154790
442,679173389,"2-комнатная квартира, 70 м², 4 этаж на длительный срок",2-комнатная квартира,"Есильский р-н, проспект Мангилик Ел участок 41",1 000 000 〒,https://krisha.kz/a/show/679173389
443,679172780,"3-комнатная квартира, 106 м², 16/41 этаж на длительный срок",3-комнатная квартира,"Есильский р-н, Достык 5/1",600 000 〒,https://krisha.kz/a/show/679172780
444,674784979,"2-комнатная квартира, 60 м², 4/7 этаж на длительный срок",2-комнатная квартира,"Есильский р-н, Мәңгілік Ел 48",500 000 〒,https://krisha.kz/a/show/674784979
445,679168232,"3-комнатная квартира, 103.23 м², 8/10 этаж на длительный срок",3-комнатная квартира,"Алматы р-н, Айнакол 66/1 — Сагадат Нурмаганбетова",180 000 〒,https://krisha.kz/a/show/679168232
446,678648265,"2-комнатная квартира, 57.7 м², 8/16 этаж на длительный срок",2-комнатная квартира,"Есильский р-н, Улы-Дала 36/1",500 000 〒,https://krisha.kz/a/show/678648265
447,679166162,"3-комнатная квартира, 80 м², 3/9 этаж на длительный срок",3-комнатная квартира,"Алматы р-н, Нажмеденова бн — Нажмеденова, Ұлы дала",600 000 〒,https://krisha.kz/a/show/679166162
448,678563133,"2-комнатная квартира, 46 м², 3/5 этаж на длительный срок",2-комнатная квартира,"Сарыарка р-н, Жангельдина 11 — Бейбітшілік",250 000 〒,https://krisha.kz/a/show/678563133
449,679165852,"2-комнатная квартира, 47 м² на длительный срок",2-комнатная квартира,"Сарыарка р-н, Бейбитшилик 44 — Пересечение бейбитшилик Московская",450 000 〒,https://krisha.kz/a/show/679165852
450,678250745,"3-комнатная квартира, 70.5 м², 7/12 этаж на длительный срок",3-комнатная квартира,"Есильский р-н, Караменди Би Шокаулы 3/2",460 000 〒,https://krisha.kz/a/show/678250745
451,673432239,"2-комнатная квартира, 45 м², 11/12 этаж на длительный срок",2-комнатная квартира,"Сарыарка р-н, С. Кубрина 22/1 — Сейфуллина",350 000 〒,https://krisha.kz/a/show/673432239
452,679152450,"3-комнатная квартира, 120 м², 1/4 этаж на длительный срок",3-комнатная квартира,"Алматы р-н, Жалайыри 5 — Мкр Акбулак-3, переулок Тесиктас",500 000 〒,https://krisha.kz/a/show/679152450
453,679151608,"2-комнатная квартира, 68 м², 5/9 этаж на длительный срок",2-комнатная квартира,"Есильский р-н, Әнет баба 9/1 — Хан Шатыр",500 000 〒,https://krisha.kz/a/show/679151608
454,678969032,"2-комнатная квартира, 55 м², 1/5 этаж на длительный срок",2-комнатная квартира,"Алматы р-н, Мусрепова 2/1 — Абылайхана",450 000 〒,https://krisha.kz/a/show/678969032
455,679161631,"2-комнатная квартира, 60 м², 3 этаж на длительный срок",2-комнатная квартира,"Есильский р-н, мкр Пригородный 126б/1 — Беласар",350 000 〒,https://krisha.kz/a/show/679161631
456,58422686,"3-комнатная квартира, 127 м², 3/6 этаж на длительный срок",3-комнатная квартира,"Есильский р-н, Кабанбай батыра 7 — Сарайшик",1 200 000 〒,https://krisha.kz/a/show/58422686
457,678526551,"3-комнатная квартира, 110 м², 2/8 этаж на длительный срок",3-комнатная квартира,"Есильский р-н, Орынбор 24 — Мәңгілік ел",700 000 〒,https://krisha.kz/a/show/678526551
458,679164533,"3-комнатная квартира, 105 м², 6/16 этаж на длительный срок",3-комнатная квартира,"р-н Байконур, Отырар",550 000 〒,https://krisha.kz/a/show/679164533
459,679164169,"3-комнатная квартира, 103 м², 6/18 этаж на длительный срок",3-комнатная квартира,"Есильский р-н, Акмешит 17",700 000 〒,https://krisha.kz/a/show/679164169
460,679163513,"2-комнатная квартира, 75 м², 1/5 этаж на длительный срок",2-комнатная квартира,"Алматы р-н, проспект Абылай Хана 28",500 000 〒,https://krisha.kz/a/show/679163513
461,677478167,"2-комнатная квартира, 100 м², 18/32 этаж на длительный срок",2-комнатная квартира,"Есильский р-н, Достык 5/2",500 000 〒,https://krisha.kz/a/show/677478167
462,52627946,"2-комнатная квартира, 80 м², 8/9 этаж на длительный срок",2-комнатная квартира,"р-н Байконур, Янушкевича 1",350 000 〒,https://krisha.kz/a/show/52627946
463,679159832,"3-комнатная квартира, 83 м², 1/9 этаж на длительный срок",3-комнатная квартира,"Алматы р-н, Бараева 25",750 000 〒,https://krisha.kz/a/show/679159832
464,667385751,"3-комнатная квартира, 112 м², 15/20 этаж на длительный срок",3-комнатная квартира,"Сарыарка р-н, Сарыарка 5/1",600 000 〒,https://krisha.kz/a/show/667385751
465,678846915,"3-комнатная квартира, 95 м², 8/16 этаж на длительный срок",3-комнатная квартира,"Сарыарка р-н, Самал 7 — Республика",699 999 〒,https://krisha.kz/a/show/678846915
466,679157154,"3-комнатная квартира, 160 м², 11/11 этаж на длительный срок",3-комнатная квартира,"Есильский р-н, Туркестан 8",650 000 〒,https://krisha.kz/a/show/679157154
467,679156088,"2-комнатная квартира, 90 м², 7/9 этаж на длительный срок",2-комнатная квартира,Мустафина 21/1-4,500 000 〒,https://krisha.kz/a/show/679156088
468,673785711,"2-комнатная квартира, 70 м², 16/20 этаж на длительный срок",2-комнатная квартира,Сарайшык 7/2 — Акмешит,550 000 〒,https://krisha.kz/a/show/673785711
469,679155971,"2-комнатная квартира, 50 м², 1/5 этаж на длительный срок",2-комнатная квартира,"Алматы р-н, Кюйши Дина 4/2 — улица Тәульсіздік угол КюйшииДина",500 000 〒,https://krisha.kz/a/show/679155971
470,679155678,"2-комнатная квартира, 65 м² на длительный срок",2-комнатная квартира,"Есильский р-н, Бухар Жырау 19",400 000 〒,https://krisha.kz/a/show/679155678
471,679153846,"2-комнатная квартира, 70 м², 2/5 этаж на длительный срок",2-комнатная квартира,"Есильский р-н, Алихана Бокейханова 21/1",400 000 〒,https://krisha.kz/a/show/679153846
472,663175853,"2-комнатная квартира, 96 м², 3/13 этаж на длительный срок",2-комнатная квартира,"Есильский р-н, Айтматова 36",600 000 〒,https://krisha.kz/a/show/663175853
473,679150867,"2-комнатная квартира, 60 м² на длительный срок",2-комнатная квартира,"Алматы р-н, К. Сатпаева 24",750 000 〒,https://krisha.kz/a/show/679150867
474,678407394,"2-комнатная квартира, 48 м², 5/9 этаж на длительный срок",2-комнатная квартира,"Есильский р-н, 38-ая 30 — Улы-дала",400 000 〒,https://krisha.kz/a/show/678407394
475,668565383,"2-комнатная квартира, 95 м², 6/9 этаж на длительный срок",2-комнатная квартира,"Есильский р-н, Достык — Сауран",500 000 〒,https://krisha.kz/a/show/668565383
476,679148574,"3-комнатная квартира, 77 м², 9/10 этаж на длительный срок",3-комнатная квартира,"Алматы р-н, Азирбаева 4 — Жургенева",500 000 〒,https://krisha.kz/a/show/679148574
477,679147342,"2-комнатная квартира, 45 м², 12/12 этаж на длительный срок",2-комнатная квартира,"Есильский р-н, Акмешит 11",500 000 〒,https://krisha.kz/a/show/679147342
478,679147004,"2-комнатная квартира, 60 м², 1/3 этаж на длительный срок",2-комнатная квартира,"Сарыарка р-н, Алтынсарина 3/2",500 000 〒,https://krisha.kz/a/show/679147004
479,679143252,"3-комнатная квартира, 120 м² на длительный срок",3-комнатная квартира,"Есильский р-н, Кабанбай батыра 2/7",500 000 〒,https://krisha.kz/a/show/679143252
480,679142039,"2-комнатная квартира, 44 м², 2/10 этаж на длительный срок",2-комнатная квартира,"Есильский р-н, Кургальжинское шоссе 29а",150 000 〒,https://krisha.kz/a/show/679142039
481,679139653,"3-комнатная квартира, 105 м², 11/18 этаж на длительный срок",3-комнатная квартира,"Есильский р-н, Акмешит 13",1 000 000 〒,https://krisha.kz/a/show/679139653
482,679138388,"2-комнатная квартира, 52 м², 12/12 этаж на длительный срок",2-комнатная квартира,"Есильский р-н, Улы Дала 3/1",500 000 〒,https://krisha.kz/a/show/679138388
483,675835107,"2-комнатная квартира, 100 м² на длительный срок",2-комнатная квартира,"Есильский р-н, Динмухаммед Кунаева 12/2",400 000 〒,https://krisha.kz/a/show/675835107
484,57987755,"3-комнатная квартира, 126 м² на длительный срок",3-комнатная квартира,Кабанбай батыра 2/7,700 000 〒,https://krisha.kz/a/show/57987755
485,663974932,"2-комнатная квартира, 82 м², 5/10 этаж на длительный срок",2-комнатная квартира,"Алматы р-н, Сарайшык",400 000 〒,https://krisha.kz/a/show/663974932
486,678611858,"3-комнатная квартира, 63 м², 6/6 этаж на длительный срок",3-комнатная квартира,"Алматы р-н, Абылай хан 43/1",250 000 〒,https://krisha.kz/a/show/678611858
487,679133880,"2-комнатная квартира, 54 м², 5/9 этаж на длительный срок",2-комнатная квартира,"Есильский р-н, Кайыма Мухамедханова 6 — Е-755",400 000 〒,https://krisha.kz/a/show/679133880
488,30650141,"3-комнатная квартира, 100 м², 4/6 этаж на длительный срок",3-комнатная квартира,"Есильский р-н, Кабанбай батыра 13",590 000 〒,https://krisha.kz/a/show/30650141
489,672406957,"2-комнатная квартира, 59 м², 20/25 этаж на длительный срок",2-комнатная квартира,"Сарыарка р-н, Асан Кайгы 1/1 — Иманова Валиханова",250 000 〒,https://krisha.kz/a/show/672406957
490,678786236,"3-комнатная квартира, 120 м², 3/9 этаж на длительный срок",3-комнатная квартира,"Сарыарка р-н, Желтоксан 1",800 000 〒,https://krisha.kz/a/show/678786236
491,679133255,"2-комнатная квартира, 68 м², 10/14 этаж на длительный срок",2-комнатная квартира,"Есильский р-н, Мухамедханова 31",11 000 〒,https://krisha.kz/a/show/679133255
492,674193512,"2-комнатная квартира, 75 м², 6/12 этаж на длительный срок",2-комнатная квартира,"Сарыарка р-н, Кенесары 1",500 000 〒,https://krisha.kz/a/show/674193512
493,679111169,"3-комнатная квартира, 72 м², 3/14 этаж на длительный срок",3-комнатная квартира,"Алматы р-н, Кошкарбаева",500 000 〒,https://krisha.kz/a/show/679111169
494,679128594,"3-комнатная квартира, 123 м², 2/10 этаж на длительный срок",3-комнатная квартира,"Есильский р-н, Сарайшык",500 000 〒,https://krisha.kz/a/show/679128594
495,679018368,"3-комнатная квартира, 88 м², 8/9 этаж на длительный срок",3-комнатная квартира,Анатолий Храпатый,600 000 〒,https://krisha.kz/a/show/679018368
496,679131128,"2-комнатная квартира, 68.6 м², 11 этаж на длительный срок",2-комнатная квартира,"Алматы р-н, Мухамедханова 4В",150 000 〒,https://krisha.kz/a/show/679131128
497,678776936,"2-комнатная квартира, 115 м², 8/12 этаж на длительный срок",2-комнатная квартира,"Есильский р-н, Конаев 14Г",500 000 〒,https://krisha.kz/a/show/678776936
498,678938598,"2-комнатная квартира, 58 м², 1/10 этаж на длительный срок",2-комнатная квартира,Сығанақ 7,400 000 〒,https://krisha.kz/a/show/678938598
499,678938552,"2-комнатная квартира, 58 м², 1/10 этаж на длительный срок",2-комнатная квартира,Сығанақ 7,400 000 〒,https://krisha.kz/a/show/678938552
500,679127829,"3-комнатная квартира, 111 м², 6/6 этаж на длительный срок",3-комнатная квартира,"Есильский р-н, Кайыма Мухамедханова 7",750 000 〒,https://krisha.kz/a/show/679127829
501,670556248,"2-комнатная квартира, 65 м², 3/5 этаж на длительный срок",2-комнатная квартира,"р-н Байконур, Ташенова 16",170 000 〒,https://krisha.kz/a/show/670556248
502,671545859,"3-комнатная квартира, 100 м², 2/9 этаж на длительный срок",3-комнатная квартира,"Есильский р-н, Бокейхана 40 — Абиш Кекилбайулы",1 000 000 〒,https://krisha.kz/a/show/671545859
503,679126424,"3-комнатная квартира, 83 м² на длительный срок",3-комнатная квартира,"Есильский р-н, Сарайшык 5/1",400 000 〒,https://krisha.kz/a/show/679126424
504,679117192,"2-комнатная квартира, 65 м², 6/6 этаж на длительный срок",2-комнатная квартира,"Есильский р-н, мкр Комсомольский, 38-я 21/1",180 000 〒,https://krisha.kz/a/show/679117192
505,678766296,"2-комнатная квартира, 100 м², 16/42 этаж на длительный срок",2-комнатная квартира,"Сарыарка р-н, Желтоксан 2",420 000 〒,https://krisha.kz/a/show/678766296
506,679115464,"3-комнатная квартира, 130 м², 1/8 этаж на длительный срок",3-комнатная квартира,"Алматы р-н, Шамши Калдаякова",1 000 000 〒,https://krisha.kz/a/show/679115464
507,679113731,"2-комнатная квартира, 65 м², 8/12 этаж на длительный срок",2-комнатная квартира,"Есильский р-н, E-753 1 — Сагынак",500 000 〒,https://krisha.kz/a/show/679113731
508,679097614,"3-комнатная квартира, 107 м², 7/13 этаж на длительный срок",3-комнатная квартира,"Алматы р-н, Айнакол 66/1",300 000 〒,https://krisha.kz/a/show/679097614
509,678699613,"2-комнатная квартира, 56 м², 6/10 этаж на длительный срок",2-комнатная квартира,"Алматы р-н, Сартау 16 — Обаган",280 000 〒,https://krisha.kz/a/show/678699613
510,679109965,"2-комнатная квартира, 54 м², 9/9 этаж на длительный срок",2-комнатная квартира,"Алматы р-н, Микрорайон Отау 11 — А105",400 000 〒,https://krisha.kz/a/show/679109965
511,679109242,"3-комнатная квартира, 91 м², 8/9 этаж на длительный срок",3-комнатная квартира,"Есильский р-н, Арман Кала 2 11/2",800 000 〒,https://krisha.kz/a/show/679109242
512,677614431,"3-комнатная квартира, 106 м², 6/22 этаж на длительный срок",3-комнатная квартира,"Есильский р-н, Достык 1А",950 000 〒,https://krisha.kz/a/show/677614431
513,673909583,"3-комнатная квартира, 93 м², 14/21 этаж на длительный срок",3-комнатная квартира,"Алматы р-н, Калдаякова 13 — Тауельсыздык",400 000 〒,https://krisha.kz/a/show/673909583
514,679103436,"2-комнатная квартира, 52 м², 4/9 этаж на длительный срок",2-комнатная квартира,"Алматы р-н, Б. Момышулы 4 — Тауельсиздик-Момышулы",200 000 〒,https://krisha.kz/a/show/679103436
515,662658168,"3-комнатная квартира, 150 м², 9/12 этаж на длительный срок",3-комнатная квартира,Керей и Жанибек хандар 14/2 — Сауран,1 000 000 〒,https://krisha.kz/a/show/662658168
516,679100539,"2-комнатная квартира, 62 м², 5/9 этаж на длительный срок",2-комнатная квартира,"Есильский р-н, Бектурова 4/6 — Туран",300 000 〒,https://krisha.kz/a/show/679100539
517,679099438,"2-комнатная квартира, 65 м², 7/15 этаж на длительный срок",2-комнатная квартира,E-10,350 000 〒,https://krisha.kz/a/show/679099438
